제목,요약,본문,본문 길이,카테고리,링크
"""저칼로리 인공 감미료 많이 먹은 사람, 뇌 노화속도 빨랐다""","브라질 연구진, 미국신경학회지 발표 | ""감미료-인지 능력 연관성 파악했지만 | 감미료가 노화 촉진 원인인지는 확인 안돼""","게티이미지뱅크 저칼로리 식품 소비가 유행처럼 번지면서 설탕 대신 인공 감미료 활용이 늘고 있다. 최근 미국에서 이런 인공 감미료 섭취량이 많은 사람은 인지 능력 저하 속도가 빠르다는 연구 결과가 나왔다. 다만 아직 연관성만 확인한 수준이기 때문에 인공 감미료가 인지 기능에 영향을 준다고 단정 지어선 안된다고 연구진은 설명했다. 브라질 상파울루대 연구진은 최근 미국신경학회 학술지(뉴롤로지)에 브라질 성인 1만2772명의 인공 감미료 섭취량과 인지 저하 속도를 분석한 8년 추적 연구 결과를 발표했다. 연구 결과 60세 미만 대상자 중 인공 감미료 섭취량이 가장 많은 그룹은 다른 그룹보다 유창한 언어 구사 역량, 인지 기능 등이 빠르게 떨어졌다. 60세 이상 참가자에게선 이런 연관성이 확인되지 않았다. 참가자의 평균 연령은 51.9세, 하루 평균 인공 감미료 섭취량은 92.1㎎이었다. 이들은 2008~2010년, 2012~2014년, 2017~2019년 세 차례에 걸쳐 1년간 섭취한 음식·음료에 관한 설문지를 작성했다. 아스파탐, 사카린, 아세설팜칼륨, 에리트리톨, 자일리톨, 소르비톨, 타가토스 등이 인공 감미료에 포함됐다. 연구진은 7가지 인공 감미료 섭취량에 따라 참가자를 세 그룹으로 분류했다. 연구 대상자 중 인공 감미료를 가장 적게 먹은 그룹은 하루 평균 20㎎, 많이 먹은 그룹은 191㎎을 섭취한 것으로 나타났다. 인공 감미료 중 소비가 가장 큰 것은 소르비톨로 평균 64㎎을 섭취했다. 인지 평가는 연구 시작과 중간, 종료 시점에 세 차례 진행했다. 언어구사력, 작업 기억력, 단어 처리 속도 등을 확인하는 방식으로 이뤄졌다. 그 결과 인공 감미료를 가장 많이 섭취한 그룹은 적게 섭취한 그룹보다 사고력과 기억력 저하 속도가 62% 빨랐다. 연구진은 이를 햇수로 환산하면 1.6년에 해당한다고 추정했다. 인공 감미료를 많이 섭취한 사람은 적게 섭취한 사람보다 뇌가 1.6년 더 늙었다는 의미다. 감미료 섭취량이 중간이었던 그룹은 최저 소비 그룹보다 인지 능력 저하 속도가 35% 빨랐다. 1.3년가량 노화가 더 빠르게 진행됐다는 뜻이다. 아스파탐과 사카린, 아세설팜칼륨, 에리트리톨, 소르비톨, 자일리톨을 많이 먹은 그룹은 기억력과 언어 구사 역량이 다른 그룹보다 빠르게 감소했다. 당뇨병을 앓고 있는 그룹에서 이런 경향이 두드러졌다. 이번 연구에서 타가토스는 인지 기능 저하와 관련 없는 감미료로 꼽혔다. 이들 성분은 탄산음료나 에너지드링크, 요구르트, 아이스크림 등을 만들 때 폭넓게 활용되고 있다. 최근엔 저칼로리 식품 소비가 늘면서 빵이나 과자 등에도 많이 들어있다. 클라우디아 키미에 스에모토 상파울루대 교수는 ""이번 연구는 설탕 대안으로 여겨지고 있는 저칼로리, 무칼로리 감미료가 장기적으로 뇌 건강에 부정적 영향을 미칠 수 있다는 것을 보여준다""고 했다. 그는 ""당뇨병 환자는 설탕 대체제로 인공 감미료를 사용할 가능성이 높다""며 ""꿀, 메이플시럽, 코코넛 설탕 등 다른 설탕 대체제가 인공 감미료의 효과적 대안이 될 수 있는지 파악하려면 더 많은 연구가 필요하다""고 했다. 다만 이번 연구 결과를 토대로 인공 감미료 섭취가 뇌 노화를 촉진한다고 해석해선 안된다고 연구진은 설명했다. 인공 감미료 섭취량이 많은 그룹과 인지 능력 저하와의 '상관관계'를 확인한 연구일 뿐 인공 감미료 섭취가 인지 능력을 저하시킨다는 '인과관계'를 확인한 연구는 아니기 때문이다. 모든 인공 감미료를 포함해 진행한 연구가 아닌 데다 참가자의 주관적 설문에 의존했다는 것도 한계로 꼽힌다. 스스로 식단을 적는 방식이기 때문에 잘못 기록할 가능성이 있다는 것이다.",1778,건강정보,https://n.news.naver.com/mnews/article/015/0005312626
1분마다 뇌세포 200만개 사멸…2050년 35만 ‘뇌졸중 쓰나미’ 막을 안전망 시급 [건강한겨레],대한신경과학회 ‘2026 세계 뇌의 날’ 간담회서 초고령사회 뇌 질환 경고,"뇌졸중은 뇌혈관이 막히는 뇌경색과 터지는 뇌출혈을 아우르는 중증 응급질환이다. 특히 뇌경색은 혈관이 막힌 직후 1분마다 약 200만 개의 뇌세포가 손상돼 신속한 초기 치료가 환자의 생존과 평생의 후유장애를 좌우한다. 게티이미지뱅크 우리나라가 65세 이상 인구가 20%를 넘는 초고령사회에 진입한 가운데, 폭발적으로 증가하는 뇌졸중 환자에 대응할 국가 단위의 급성기 치료 안전망 구축이 시급하다는 의료계의 강력한 경고가 나왔다. 대한신경과학회는 22일 ‘2026 세계 뇌의 날’을 맞아 기자간담회를 열고, 초고령사회 뇌 질환 극복을 위한 의료 체계의 혁신 방향을 제시했다. 이날 행사에서 전문가들은 응급조치가 생명을 가를 수 있는 뇌졸중 급성기 치료체계의 붕괴 위기를 집중적으로 조명하는 한편, 치매와 파킨슨병 등 주요 신경계 질환의 치료 사각지대 해소를 촉구했다. 진료비만 9조 원… 골든타임 놓치는 뇌졸중 응급의료체계 뇌졸중은 뇌혈관이 막히는 뇌경색과 터지는 뇌출혈을 아우르는 중증 응급질환이다. 특히 뇌경색은 혈관이 막힌 직후 1분마다 약 200만 개의 뇌세포가 손상돼 신속한 초기 치료가 환자의 생존과 평생의 후유장애를 좌우한다. 하지만 현장의 대응 시스템은 인구 구조의 변화를 따라가지 못하고 있다. 전체 뇌졸중 환자의 약 85%가 60세 이상인 상황에서, 2050년에는 연간 뇌졸중 환자가 현재의 두 배 이상인 약 35만 명에 달하고 급성기 진료비만 9조 원에 이를 것으로 전망된다. 김태정 대한뇌졸중학회 홍보이사(서울대병원 신경과)는 지역별 뇌졸중센터와 전문의의 심각한 불균형을 지적했다. 김 이사는 “응급실에 여유 병상이 있더라도 뇌졸중 급성기 치료를 전담할 신경과 전문 인력이 부족해 환자 수용을 거부할 수밖에 없는 구조적 한계가 있다”며, 이로 인한 전원 지연 사례가 빈발하고 있다고 설명했다. 학회는 뇌졸중 예방부터 급성기 치료, 장기 재활까지 이어지는 치료체계 확립을 위해 권역응급의료센터를 중심으로 신경계 전담의를 배치할 것을 제안했다. 응급실 도착 즉시 전담의가 초기 진단을 내리고 119 구급대 등과 실시간으로 소통해 병원 선정과 환자 이송 시간을 획기적으로 단축해야 한다는 것이다. 필수 약물 고갈·낡은 수가 체계에 방치된 뇌 질환 사각지대 이날 간담회에서는 뇌졸중 외에도 환자의 일상을 무너뜨리는 주요 뇌 질환들이 필수 의약품 부족과 낡은 제도로 인해 심각한 위기에 처해 있다는 지적이 잇따랐다. 만성 난치 질환인 파킨슨병은 위장관 기능 저하를 고려해 흡입형, 패치형 등 다양한 투여 경로의 약물이 필수적이나, 까다로운 급여 평가와 저약가 정책으로 해외에서 검증된 약물조차 국내 도입이 지연되고 있다. 뇌전증지속상태의 1·2차 표준 치료제인 디아제팜주와 페니토인주 등 응급 항발작 주사제 역시 낮은 약가로 생산이 중단된 상태다. 학회 측은 응급 항발작제의 국가필수의약품 지정과 원가 보전이 시급하다고 목소리를 높였다. 제도적 사각지대로 인해 고통받는 환자들도 적지 않다. 극심한 통증을 유발하는 군발두통은 국내외 진료지침이 ‘재택 고유량 산소치료’를 1차 치료로 권고함에도 건강보험 급여가 적용되지 않아 환자들이 공업용 산소에 노출될 위험마저 안고 있다. 조수진 대한신경과학회 회장(한림대동탄성심병원 신경과)은 ""발작 초기에 환자가 집에서 즉시 산소를 사용할 수 있도록 건강보험 급여기준 개선이 필요하다""고 강조했다. 한편, 질병조절 치료의 시대로 진입한 알츠하이머병 등 치매 치료에 대해서는 신약 도입과 함께 조기 진단, 환자 기능 보존을 결합한 전인적 치료 환경 조성이 강조됐다. 특히 루게릭병이나 진행기 파킨슨병 등 중증 신경계 질환자를 위해 급성기 병원 퇴원 직후 다학제 팀이 집중 개입하는 ‘퇴원 전환기’ 재택의료의 필요성도 제기됐다. 이상범 대한신경과의사회 공보부회장(서울신내의원)은 “이동 시간과 자원 연계 업무까지 보상하는 다층적 하이브리드 수가 구조가 도입되어야 한다”며 의료진이 기꺼이 병원 밖으로 나설 수 있도록 환자의 남은 삶을 설계하는 제도적 결단이 필요하다고 촉구했다.",1972,건강정보,https://n.news.naver.com/mnews/article/028/0002815270
"삼성바이오에피스, 인투셀과 ADC 신약 공동개발 본계약 체결",,"삼성바이오에피스는 인투셀(287840)이 항체-약물 접합체(ADC) 신약 공동개발 사업의 첫 번째 후보물질에 대한 본계약을 체결했다고 22일 밝혔다. ADC는 특정 항원에 결합하는 항체에 링커 기술을 이용해 세포독성 약물을 결합한 형태의 항암제다. 양사는 지난 2023년 12월 최대 5종의 ADC 신약후보 물질 발굴을 위한 공동연구 계약을 체결한 바 있으며 이번 계약은 현재 글로벌 임상 1상을 진행 중인 넥틴-4 단백질 표적 고형암 치료제 후보물질 'SBE303' 1종을 대상으로 한 후속 연구개발 및 상업화 계약이다. 본 계약에는 개발 및 판매 마일스톤(연구개발 성과에 대한 대가)과 매출에 따른 로열티 조건이 포함되어 있으며 전체 계약 규모 및 구체적 계약 조건은 양 사 간 합의에 따라 공개하지 않았다. 김경아 삼성바이오에피스 사장은 ""이번 계약은 삼성바이오에피스가 국내 기업과의 협력을 통해 차세대 항암제 분야로 사업 영역을 확장하는 중요한 이정표""라며 ""앞으로도 다양한 의료 미충족 수요 해소를 위한 연구개발 혁신을 지속해 나가겠다""고 밝혔다. 박태교 인투셀 대표는 ""양사 협업을 통해 인투셀의 링커 플랫폼 기술이 글로벌 시장에서 의미 있는 성과를 창출할 수 있기를 기대한다""며 ""현재 삼성바이오에피스와 순항 중인 후속 프로그램들도 좋은 결실을 맺기 위해 긴밀한 협력을 이어가겠다""고 밝혔다. 한편 삼성바이오에피스는 지난 4월 미국암연구학회(AACR) 연례 학술대회에 참가해 SBE303의 전임상 연구 결과를 발표했으며 기존 넥틴-4 표적 항암제 대비 항체 종양세포 결합 특이성 및 세포 내 약물 전달 효율 개선 가능성을 확인한 바 있다.",812,건강정보,https://n.news.naver.com/mnews/article/421/0009073435
"“국내산 민물장어, 복날만 먹는 영양식? 이젠 일상 건강식!”",,"(사)한국민물장어생산자협회와 민물장어자조금관리위원회가 삼복 시즌을 맞아 국내산 민물장어 소비 확대를 위한 특별 캠페인을 추진한다. 이번 캠페인은 국내산 민물장어를 복날에 먹는 계절성 보양식에서 벗어나 일상에서 즐기는 프리미엄 건강 단백질 식재료로 알리기 위해 마련됐다. 최근 장마와 폭염이 이어지면서 건강관리에 대한 관심이 높아지고 있다. 장어 소비도 건강과 간편함을 함께 추구하는 소비 흐름과 맞물려 변화하고 있다. 과거 장어는 전문점에서 숯불구이로 즐기는 외식 메뉴라는 인식이 강했다. 최근에는 손질장어와 초벌장어 제품이 늘면서 가정에서도 간편하게 조리할 수 있는 식재료로 자리 잡고 있다. 내장과 뼈를 제거한 손질장어는 별도 손질 없이 바로 조리할 수 있다. 초벌장어는 한 차례 구운 제품으로, 프라이팬이나 에어프라이어에서 5분 안팎으로 데우면 먹을 수 있다. 맞벌이 가구와 1~2인 가구 증가, 가정간편식 소비 확대 등 식문화 변화도 장어 소비 저변 확대에 영향을 주고 있다. 민물장어자조금관리위원회 관계자는 “여름철에는 땀 배출이 많고 식욕이 떨어지기 쉬운 만큼 충분한 단백질과 균형 잡힌 영양 섭취가 중요하다”며 “민물장어는 양질의 단백질과 오메가3 지방산, 비타민A·E, 칼슘, 인, 철 등을 함유한 건강식품이기에 건강한 여름나기에 도움이 될 수 있다”고 설명했다. 협회와 위원회는 7월 31일부터 8월 16일까지 자조금 인스타그램 채널을 통해 국내산 민물장어 구매 인증 이벤트를 진행한다. 7월 23일에는 서울 프레스센터 앞 서울마당에서 시식·할인 판매 오프라인 프로모션도 연다. 현장에서는 소비자들이 국내산 민물장어를 직접 맛보고, 20% 이상 할인된 가격으로 구매할 수 있다. 행사는 선착순 판매 방식으로 운영된다. 협회는 아파트 엘리베이터 광고 등 생활 접점 매체를 활용한 소비 촉진 홍보도 추진한다. 9월 초에는 대한영양사협회와 연계한 학교급식 캠페인도 계획하고 있다. 신영래 한국민물장어생산자협회장은 “국내산 민물장어는 이제 복날 등 특정한 날에만 먹는 특별한 음식이 아니라 언제든 간편하게 즐길 수 있는 건강 식재료”라며 “사계절 부담 없이 즐기는 프리미엄 단백질 식품으로 자리 잡을 수 있도록 소비문화 확산과 유통 활성화에 힘쓰겠다”고 밝혔다.",1103,음식/맛집,https://n.news.naver.com/mnews/article/025/0003539372
[현장] 강남 맛집 전쟁에 ‘이탈리아 뒤뜰’ 등판…올리페페의 승부수,"CJ푸드빌, 공간·메뉴에 이탈리아 식문화 담아…강남서 브랜드 경쟁력 시험대","CJ푸드빌이 운영하는 이탈리안 비스트로 ‘올리페페(Olipepe)’가 광화문, 여의도, 판교에 이어 지난 7월16일 강남에 새롭게 문을 열었다.   국내외 외식 브랜드들이 앞다퉈 출점하는 서울 강남 상권에 CJ푸드빌이 또 하나의 승부수를 던졌다. 지난해 말 첫선을 보인 이탈리안 비스트로 ‘올리페페’를 강남 한복판까지 확장하며 이탈리아 음식을 판매하는 레스토랑이 아닌 ‘이탈리아 식문화’ 자체를 경험하는 공간으로 차별화를 시도했다. 실제 22일 찾은 서울 강남역 인근 올리페페 강남점은 일반적인 이탈리안 레스토랑과는 분위기부터 달랐다. 매장 중앙에는 화덕이 자리 잡고 있었고 직원들이 반죽부터 피자를 굽는 과정까지 모두 한눈에 볼 수 있도록 설계됐다. 음식이 만들어지는 과정 자체를 고객 경험으로 연결하려는 의도가 읽혔다. 매장 입구를 지나 가장 먼저 시선을 끄는 것도 화덕이다. 직원들은 이곳에서 매일 직접 반죽한 도우를 구워낸다. 피자가 완성되는 과정을 자연스럽게 바라보는 손님들의 모습도 어렵지 않게 볼 수 있었다. CJ푸드빌이 운영하는 이탈리안 비스트로 ‘올리페페(Olipepe)’가 광화문, 여의도, 판교에 이어 지난 7월16일 강남에 새롭게 문을 열었다.  CJ푸드빌이 운영하는 이탈리안 비스트로 ‘올리페페(Olipepe)’가 광화문, 여의도, 판교에 이어 지난 7월16일 강남에 새롭게 문을 열었다.  ◆“매장마다 다른 공간”…상권별 전략도 달라졌다= 올리페페는 현재 광화문·여의도·판교·강남 등 4개 매장을 운영한다. 공통된 브랜드 정체성을 유지하면서도 매장마다 공간 콘셉트를 달리한 것이 특징이다. 강남점이 ‘뒤뜰에서의 식사’를 콘셉트로 삼은 것은 상권 특성을 직접 공간에 옮겼다기보다, 매장마다 서로 다른 이탈리아의 풍경을 보여주려는 올리페페의 공간 전략과 맞닿아 있다. 광화문점이 ‘이탈리아의 거리’, 여의도점이 ‘광장’, 판교점이 ‘동네’를 표현했다면 네 번째 매장인 강남점은 가족과 이웃이 음식과 와인을 나누는 이탈리아 가정의 뒤뜰로 시선을 옮겼다. 이탈리아에서 뒤뜰은 가족이 모이고 이웃이 자연스럽게 드나들며 식사와 대화를 나누는 생활 공간이다. 올리페페가 지향하는 ‘여럿이 음식을 나누며 대화를 즐기는 식문화’를 가장 편안하고 직관적으로 보여줄 수 있는 배경인 셈이다. 강남점은 이를 구현하기 위해 노출 목재 보와 레몬나무, 아치형 창가와 따뜻한 질감의 가구를 배치해 도심 한가운데서도 현지 가정집에 초대받은 듯한 분위기를 냈다. CJ푸드빌 관계자는 “브랜드가 전달하려는 가치는 동일하지만 매장마다 디테일을 다르게 가져간다”며 “강남에서는 상권 특성을 고려해 와인과 스테이크를 한층 강화했다”고 설명했다. 메뉴 운영에는 강남 상권의 특성을 보다 직접적으로 반영했다. 구매력과 모임 수요가 높은 지역 특성을 고려해 와인과 스테이크 라인업을 강화하고 대형 스테이크와 단체석도 마련했다. 실제 CJ푸드빌에 따르면 강남점은 기존 매장보다 와인 매출 비중이 가장 높다. 여의도점에서 먼저 선보였던 논알코올 와인처럼 상권 특성에 맞춰 검증한 요소를 다른 매장으로 확대하는 방식도 이어가고 있다. 직원들은 메뉴에 맞는 와인 페어링도 직접 추천한다. 태블릿 메뉴판에서도 음식별 추천 와인을 확인할 수 있어 와인에 익숙하지 않은 고객도 부담 없이 즐길 수 있도록 했다. CJ푸드빌이 운영하는 이탈리안 비스트로 ‘올리페페(Olipepe)’가 광화문, 여의도, 판교에 이어 지난 7월16일 강남에 새롭게 문을 열었다. 대표 메뉴인 스테이크 ‘비스테카 피오렌티나’.  ◆파스타보다 ‘식문화’…스테이크도 이탈리아식으로= 올리페페가 강조하는 것은 특정 메뉴보다 식사의 흐름이다. 식전주인 아페리티보로 시작해 안티파스티와 피자·파스타, 스테이크를 즐긴 뒤 돌체와 에스프레소로 마무리하는 이탈리아식 다이닝 문화를 그대로 구현하는 것이 브랜드 지향점이다. 강남점에서 처음 선보인 피렌체 스타일 스테이크도 이런 철학을 반영한 메뉴다. 올리브오일과 허브, 구운 레몬을 곁들이는 방식으로 미국식 스테이크와는 다른 풍미를 살렸다. 직원은 등심과 안심 부위별로 어울리는 소스를 각각 설명하며 페어링을 추천했다. 직접 맛본 스테이크는 강한 소스로 풍미를 덧입히기보다 고기 본연의 맛을 살리는 방식이었다. 올리브오일과 레몬을 곁들이자 육즙은 한층 산뜻하게 살아났고, 매콤한 페퍼콘을 함께 먹으면 입안이 깔끔하게 정리됐다. 흔히 접하는 미국식 스테이크와는 결이 다른, 이탈리아식 해석이 인상적이었다. CJ푸드빌은 강남점에서 고객 반응을 검증한 뒤 해당 메뉴를 순차적으로 다른 올리페페 매장에도 확대 적용할 계획이다. CJ푸드빌이 운영하는 이탈리안 비스트로 ‘올리페페(Olipepe)’가 광화문, 여의도, 판교에 이어 지난 7월16일 강남에 새롭게 문을 열었다. 대표 메뉴인 파스타 ‘카치오 올리페페’, 피자 ‘올리올리베’(왼쪽).  CJ푸드빌이 운영하는 이탈리안 비스트로 ‘올리페페(Olipepe)’가 광화문, 여의도, 판교에 이어 지난 7월16일 강남에 새롭게 문을 열었다. 직원이 매장 중앙 화덕에서 피자를 굽고 있는 모습.  화덕에서 갓 구워낸 시그니처 피자 ‘올리올리베’도 존재감이 컸다. 이탈리아산 카푸토 밀가루로 매일 직접 반죽한 도우 위에 올리브를 아낌없이 올려 짭조름하면서도 담백한 풍미가 이어졌다. CJ푸드빌 관계자는 “지금까지 이탈리아 레스토랑이 파스타 중심이었다면 올리페페는 이탈리아 사람들이 실제 즐기는 식문화를 경험하는 공간을 만들고 싶었다”며 “누구와 경쟁하겠다는 개념보다 새로운 시장을 만들어가겠다는 의미가 더 크다”고 말했다. ◆CJ푸드빌, 올리페페로 강남에서 브랜드 성장 시험대= 올리페페는 지난해 12월 첫 매장 오픈 이후 누적 방문객 12만명을 돌파했다. 강남점은 오픈 전까지 4개 매장 사전예약만 1만명을 넘겼고, 2030 고객 비중도 전체 매장 가운데 가장 높다. 특히 강남점에서는 스테이크 판매량이 기존 대비 약 두 배 증가했고 디저트 주문도 이전보다 두 배 가까이 늘었다. 와인 매출 비중 역시 가장 높은 것으로 나타났다. 강남은 최근 국내외 외식 브랜드들이 잇따라 진출하는 대표적인 격전지다. 올리페페 역시 이곳을 브랜드 경쟁력을 검증하는 핵심 무대로 보고 있다. CJ푸드빌 관계자는 “격전지인 강남에서 올리페페만의 진가를 보여주겠다는 것이 목표”라며 “기존 매장에서 축적한 운영 경험을 바탕으로 메뉴와 공간, 서비스를 계속 고도화할 계획”이라고 말했다. CJ푸드빌이 운영하는 이탈리안 비스트로 ‘올리페페(Olipepe)’가 광화문, 여의도, 판교에 이어 지난 7월16일 강남에 새롭게 문을 열었다. 사진은 매장에 적용된 드로잉 모습.",3225,음식/맛집,https://n.news.naver.com/mnews/article/138/0002234985
"기원 위스키, 미국 샌프란시스코 주류대회서 파이널리스트 3개 진출",,"대한민국 최초의 싱글몰트 위스키 '기원(Ki One)'이 '샌프란시스코 국제 주류 경연대회(SFWSC) 2026'에서 카테고리 최종 결선(Best of Class Finalist)에 오른 5개 제품 중 3개를 진입시켰다고 22일 밝혔다. 기원은 지난달 이 대회에서 '더블골드 5관왕'을 기록한 바 있다. '샌프란시스코 국제 주류 경연대회(SFWSC 2026)'의 최종 결선에 오른 기원 제품 5종 이미지. SFWSC는 스코틀랜드, 아일랜드, 일본 등 전통적인 위스키 강국 외 지역에서 생산된 프리미엄 싱글몰트를 가리는 'Best Other Single Malt Whisky' 범주의 최종 후보작을 공식 발표했다. 최종 결선에는 기원의 면세점 전용 엔트리 라인업 '기원 해(Ki One Sun)', '기원 별(Ki One Star)'과 프리미엄 고도수 라인업 '기원 호랑이 캐스크 스트랭스(Ki One Tiger Cask Strength)'가 이름을 올렸다. 기원은 대만의 싱글몰트 위스키 브랜드 카발란(Kavalan)의 프리미엄 라인 '솔리스트' 2종과 함께 최고상을 놓고 경쟁하게 됐다. 파이널리스트에 오른 '기원 해'는 셰리와 와인 캐스크 숙성을 거쳐 과일과 꿀, 카라멜과 버터스카치의 풍미에 사과, 자두, 스파이스 향이 어우러진다는 평가를 받았다. 기원 위스키 증류소는 지난해 베스트 오브 클래스 수상에 이어 올해도 결선 무대에 다수의 제품을 올린 데 대해 의미를 부여하며, 위스키의 본질은 결국 잔에 담기는 맛에 있다고 밝혔다. 이어 세계가 인정하는 한국 위스키를 만드는 것이 목표라며, 면세 전용 라인인 '기원 해'처럼 기본에 충실한 위스키를 계속 선보이겠다는 계획을 전했다. 기원의 2년 연속 '베스트 오브 클래스' 최종 우승 여부는 오는 11월 미국 샌프란시스코에서 열리는 시상식에서 발표될 예정이다.",903,음식/맛집,https://n.news.naver.com/mnews/article/030/0003449910
드라마 아이스쇼 '나 혼자만 레벨업'…차준환 점프·이나바우어 본다,"차준환·이시혁 등 국가대표 피겨선수 총출동 | 노래·대사·기술이 얼음 위에서 하나의 서사로 결합 | 우진하 연출 ""일 년에 수십수백 회 도는 장르로 키우고 싶어"" | 8월 7일부터 17일까지 목동 아이스링크서","불안감을 자아내는 음악이 링크 위에 흘렀다. 주인공 ‘성진우’(차준환)와 ‘핏빛의 이그리트’(이시혁)가 서로를 향해 원을 그리며 대치했다. 긴장감이 절정으로 치닫는 순간, 차준환의 트리플 플립과 이시혁의 양손 타노 점프가 거의 동시에 터졌다. 두 사람은 나란히 착지하자마자, 최후의 전투를 향한 스케이팅을 숨 가쁘게 이어갔다. 아이스쇼 '나 혼자만 레벨업 온 아이스' 출연하는 피겨스케이팅 선수 차준환과 김예림이 22일 서울 구로구 제니스아이링크장에서 주요 장면 시연을 하고 있다. (사진=뉴시스) 22일 오전 서울 구로구 제니스아이스링크에서 열린 ‘나 혼자만 레벨업 온 아이스(on ICE)’ 기자간담회에서 주요 하이라이트 시연이 펼쳐졌다. ‘나 혼자만 레벨업’은 누적 조회수 143억 뷰를 기록한 히트 IP(지식재산)다. 몬스터가 출몰하는 게이트와 헌터가 존재하는 세계관을 배경으로, 인류 최약체 E급 헌터 ‘성진우’가 특별한 능력을 얻어 최강의 존재인 ‘그림자 군주’까지 성장하는 과정을 담았다. 지난해 초연한 아이스쇼는 올해 재연으로 관객을 다시 찾는다. 이날은 5개의 주요 하이라이트 장면이 차례로 시연됐다. 원인 불명의 게이트가 세상 곳곳에 열리고 마수들이 쏟아지는 도입부(혼돈의 문)로 문을 연 무대는 △가장 낮은 등급의 헌터였던 성진우가 힘을 키워가는 성장 과정(심장이 뛴다) △헌터들의 대규모 전투(길드) △동료와의 이별과 성장을 그린 서정적인 장면(빛과 그림자)을 거쳐 △그림자 군주로 거듭나는 클라이맥스(일어나라)까지 원작의 굵직한 서사를 얼음 위에 압축했다. 점프와 스핀, 스파이럴, 이나바우어 같은 피겨 기술이 안무와 정교하게 맞물리며 장면마다 몰입도를 높였다. 올해는 차준환을 비롯해 김예림, 이시형 등 피겨 선수들이 대거 합류하면서 역동적인 액션의 밀도도 한층 짙어졌다. 기존 아이스쇼가 선수 개인의 대표 프로그램을 순서대로 선보이는 갈라쇼 형식이었다면, 이 작품은 하나의 완결된 드라마를 피겨 기술로 풀어내는 시도라는 점에서 차별점이 있다. 노래와 대사, 스케이팅 기술이 하나의 장면 안에 유기적으로 녹아들며 원작의 서사를 따라가는 구조다. 아이스쇼 '나 혼자만 레벨업 온 아이스' 연출 우진하와 피겨 안무감독 김해진이 22일 서울 구로구 제니스아이링크장에서 기자간담회를 하고 있다. (사진=뉴시스) 우진하 연출은 초연과 재연의 차이에 대해 “초연 때는 뮤지컬적인 부분에 힘을 실었다면, 이번엔 탄탄한 원작 IP를 살려 드라마에 집중할 수 있도록 시각적 영상을 더해 전반적으로 구성했다”고 설명했다. 이어 “원작에서 어긋나지 않으면서도 아이스쇼 장르만의 특성을 살릴 수 있도록 소품, 의상, 헤어까지 원작에서 최대한 벗어나지 않는 선에서 링크장의 속도감을 살렸다”고 덧붙였다. 안무를 총괄한 김해진 안무감독은 기술적 완성도에 대한 질문에 “페어 종목에서 쓰이는 데스 스파이럴이나 리프팅 등 화려한 기술과 싱크로나이즈드 스케이팅에서 쓰이는 대형 리프트도 보실 수 있을 것”이라며 “지난해와 비교하면 페어라든가 아이스댄스, 싱크로나이즈드 등 다양한 피겨 분야를 세밀하게 구현했다”고 설명했다. 이번 재연에선 차준환도 안무 작업에 함께 참여했다. 김 안무감독은 “차준환과 함께 상의하며 안무를 개발했고, 피겨 기술과 아름다움을 함께 보여줄 수 있도록 캐릭터적 부분까지 다양한 의견을 주고받았다”며 “차준환이 강점을 지닌 남성적 강인함, 캐릭터 이해력을 활용했다”고 말했다. 차준환은 스케이팅과 함께 대사와 노래도 소화한다. 그는 “노래와 대사, 스케이팅이 함께 어우러지는 뮤지컬 형식의 아이스쇼”라며 “지난해 재밌게 봤던 팬으로서, 제가 맡은 파트가 아니더라도 캐릭터가 된다는 생각으로 몰입해 창작했다”고 소감을 전했다. 우진하 연출은 국내 아이스쇼 시장의 가능성에 대한 기대도 내비쳤다. 그는 “일본이나 유럽만 해도 아이스쇼가 굉장히 인기가 있는데, 우리나라에서도 시장이 정말 커질 만한 요소가 있다고 생각한다”며 “이 작품이 그 시작점이 돼 뮤지컬처럼 일 년에 수십수백 회 공연할 수 있는 장르가 되길 희망한다”고 말했다. 이어 “잘된다면 시즌2, 시즌3도 만들고 싶다”고 덧붙였다. ‘나 혼자만 레벨업 온 아이스’는 8월 7일부터 17일까지 서울 양천구 목동 아이스링크에서 공연된다.",2078,공연/전시,https://n.news.naver.com/mnews/article/018/0006334830
"스타크래프트 미니어처, 더현대 판교 팝업으로",,"취미 플랫폼 ‘펀포지’, 24일부터 미니어처 전문 팝업 개최 백화점 팝업으로 구현된 펀포지 오프라인 공간 전경. /나비타 제공 유럽·글로벌 프리미엄 완구·취미 브랜드를 수입·유통하는 나비타의 취미 문화 플랫폼 ‘펀포지(FUNFORGE)’가 오는 24일부터 다음 달 13일까지 경기 더현대 판교 5층에서 미니어처 전문 팝업 ‘펀포지 미니어처 생텀’을 연다고 22일 밝혔다. 지난 2월 판교 팝업에 이은 두 번째 행사다. 이번에는 취미 관련 브랜드 단독 구성으로 바꾸고 규모를 132.2㎡(약 40평)로 키웠다. 운영 시간은 매일 오전 10시 30분부터 오후 8시 30분까지다. 이번 팝업의 핵심은 아콘 스튜디오(Archon Studio)의 스타크래프트 미니어처 론칭이다. 널리 알려진 실시간 전략 게임의 세계관과 유닛을, 화면이 아닌 실물 미니어처와 테이블 위 전장으로 옮긴 제품이라는 게 회사 측 설명이다. 게임을 즐겼던 세대에게는 강한 향수를, 미니어처를 처음 접하는 이들에게는 자연스러운 진입점을 제공한다. 게임 지식재산권(IP)을 주얼리로 옮긴 브랜드 ‘스타포지드’도 소개된다. 워해머 등 세계관의 문양을 반지·펜던트·목걸이로 구현한 제품군이다. 그동안 국내에 정식 유통되지 않던 해외 취미 브랜드도 이번 팝업에서 처음 판매된다. 도료 브랜드로는 아미 페인터, 바예호, AK 인터랙티브, 갤러리, 모뉴먼트 하비스의 프로 아크릴이 입점하며 판매는 8월 1일부터 시작된다. 지형 연출용 소재 브랜드 게이머스 그라스는 국내에서 처음 출시된다. 보드게임 퍼블리셔 아스모디, 일본 프라모델 브랜드 아오시마도 함께 소개된다. 전시 공간에는 공모로 선정된 국내 미니어처 작가 14인의 작품이 걸린다. 체험 프로그램은 운영 기간 상시 진행된다. 미니어처 도색 체험은 매일 오전 11시부터 오후 7시까지 8석 규모로, 예약 없이 참여할 수 있다. 1인당 20~30분이 걸려 하루 350~450명을 수용할 수 있다. 체험용 데모 미니어처는 1500개를 확보했다. 초보자를 위한 테이블탑 게임 입문 체험도 함께 운영한다. 권소희 나비타 영업마케팅 총괄 이사는 “미니어처 게임을 시작하기 전 가장 큰 장벽은 가격보다도 어디서, 무엇부터 시작해야 하는지 모른다는 점”이라며 “펀포지는 단순 판매보다 취미의 첫걸음을 함께하는 브랜드가 되려 한다”고 말했다. 펀포지는 팝업 종료 후에도 코엑스몰 나비타 매장에서 취미 브랜드와 체험 프로그램을 운영할 계획이다. 2027년부터는 유럽 게임·라이선싱 행사와 연계한 확장도 검토한다.",1234,공연/전시,https://n.news.naver.com/mnews/article/366/0001181040
헌터로 변신한 차준환…얼음판에 펼쳐진 ‘나 혼자만 레벨업’,인기 웹툰 원작 ‘나 혼자만 레벨업 온 아이스’ 8월7~17일 공연,"22일 서울 구로구 제니스아이스링크장에서 열린 아이스쇼 ‘나 혼자만 레벨업 온 아이스’ 연습 현장에서 성진우 역을 맡은 차준환이 시연하고 있다. 최현수 기자 emd@hani.co.kr 차준환, 김예림, 신석수, 이시형 등 한국 대표 피겨스케이팅 선수들이 유명 웹툰 속 주인공이 되어 빙판에서 화려한 전투를 펼쳤다. 차준환은 단검과 장검을 휘둘러 달려드는 수많은 몬스터를 베고 찌르면서 속도감 있고 아름답게 얼음판을 가로질렀다. 화려한 피겨 기술을 버무린 기존 아이스쇼와 달리 빠른 군무와 칼싸움 등 다양한 액션으로 몬스터와의 전투 장면을 주도했다. 쓰러진 헌터들을 그림자 군단으로 만들어 지휘하고, ‘나의 심장이 뛴다’ 등 넘버를 직접 부르고, 대사도 내뱉었다. 22일 서울 구로구 제니스아이스링크장에서 공개한 올여름 유일한 아이스쇼 ‘나 혼자만 레벨업 온 아이스’ 연습 현장이다. 22일 열린 아이스쇼 ‘나 혼자만 레벨업 온 아이스’ 연습 현장에서 배우들이 시연하고 있다. 최현수 기자 emd@hani.co.kr 작품은 누적 조회수 143억뷰를 기록해 케이(K)콘텐츠의 신화로 불리는 인기 웹툰 ‘나 혼자만 레벨업’을 원작으로 한 퍼포먼스 아이스쇼다. 원작은 현실 세계 곳곳에 게이트가 열려 몬스터가 출연하고, 이를 막기 위해 초인적 능력을 갖춘 헌터들이 몬스터의 공간 던전을 공략하는 과정을 게임 시스템과 판타지 액션으로 그려냈다. 주인공 성진우는 병든 어머니 치료비와 여동생 학비를 책임지기 위해 인류를 위협하는 몬스터를 잡는 헌터로 활동하지만, 최약체인 이(E)급 헌터라 여러번 죽음의 고비를 맞는다. 그러던 중 시스템에 의해 레벨업이 가능한 플레이어로 선정되고, 끊임없이 자신의 역량을 강화해 몬스터의 위협으로부터 인류를 구하는 영웅으로 성장한다. 가족의 생계를 책임진 평범한 청년이 시련을 통해 영웅으로 성장하는 175회 분량의 원작 가운데 45화까지 이번 아이스쇼에 담았다고 한다. 22일 열린 아이스쇼 ‘나 혼자만 레벨업 온 아이스’ 연습 현장에서 배우들이 시연하고 있다. 최현수 기자 emd@hani.co.kr 지난해 12월 일주일간 초연한 공연은 올해 한층 업그레이드했다. 이번 무대가 더욱 특별한 건 차준환이 주인공 성진우 역을 맡아 아이스 뮤지컬에 데뷔해서다. “그동안 많은 아이스 갈라쇼에 참석했는데, 대부분 피겨 선수의 프로그램을 보여주는 것이었다. 이번엔 원작 중심의 캐릭터로 주인공의 성장 서사를 드라마처럼 보여주는 무대다. 뮤지컬 배우처럼 노래와 대사도 직접 한다. 정말 즐겁고 재미있다.” 차준환은 이날 기자간담회에서 이번 공연은 기존 갈라쇼와 다른 차원의 시도라고 강조했다. 그는 작품에서 우리에게 익숙한 점프, 스핀, 스텝 시퀀스 등 고난도 피겨 기술뿐 아니라 다양한 서사를 온몸으로 표현한다. 차준환은 안무에도 공동 참여했다. 스케이팅 안무가 김해진은 “지난해 초연에선 피겨 동작의 아름다움을 강조했는데, 올해는 그 부분을 더 세밀하게 나누고 원작 스토리에 걸맞게 안무를 보강하는 데 집중했다”며 “차준환과 함께 안무를 논의하면서 남자의 강인함 등 주인공 캐릭터를 잘 살릴 수 있었다”고 밝혔다. 지난해 출연했던 김예림은 에스(S)급 헌터 차해인 역을, 이시형은 성진우의 충실한 첫번째 그림자 기사인 이그리트 역을 각각 연기한다. 피겨 선수에서 유명 유튜버로 변신한 에이미가 이(E)급 시절 성진우를 돕는 유일한 동료 이주희 역으로 캐스팅됐다. ‘나 혼자만 레벨업 온 아이스’에서 주인공 성진우 역을 맡은 차준환이 직접 노래를 하고 있다. 최현수 기자 emd@hani.co.kr 웹소설, 웹툰, 게임, 애니메이션까지 다양한 버전으로 세계적 신드롬을 일으킨 작품을 얼음판 위에 얼마나 역동적이고 현실감 있게 표현하는가가 공연의 성패를 가르는 관건이다. 피겨 스케이팅 기술과 뮤지컬 영상 프로젝션, 액션, 미디어아트를 결합해 주인공의 성장 스토리와 헌터를 물리치는 전투를 입체적으로 구현하고, 현실과 게임의 세계가 겹치는 무대를 만들었다고 한다. 작품을 각색한 우진하 연출은 “피겨의 속도감을 살리면서 원작에 많이 등장하는 불을 실제로 활용해 특수효과를 내고, 와이어를 활용한 공중 동작도 준비했다”며 “한국엔 아직 이런 (드라마) 아이스쇼가 많지 않은데, 이 작품이 시발점이 돼 뮤지컬처럼 여러 작품을 올릴 수 있는 계기가 되길 바란다”고 했다. 8월7~17일 서울 목동 아이스링크에서 12회 공연한다.",2149,공연/전시,https://n.news.naver.com/mnews/article/028/0002815265
