기준일,기준시,신규확진자 수,누적확진자 수,신규완치자 수,누적완치자 수,사망자 수,자가격리인원
2020-02-07,18시,0,0,0,0,,15
2020-02-08,18시,0,0,0,0,,15
2020-02-09,18시,0,0,0,0,,11
2020-02-10,18시,0,0,0,0,,12
2020-02-11,18시,0,0,0,0,,8
2020-02-12,18시,0,0,0,0,,6
2020-02-13,18시,0,0,0,0,,5
2020-02-14,18시,0,0,0,0,,1
2020-02-15,18시,0,0,0,0,,1
2020-02-16,18시,0,0,0,0,,1
2020-02-17,18시,0,0,0,0,,0
2020-02-18,18시,0,0,0,0,,2
2020-02-19,18시,0,0,0,0,,2
2020-02-20,18시,0,0,0,0,,2
2020-02-21,18시,0,0,0,0,,2
2020-02-22,18시,0,0,0,0,,2
2020-02-23,18시,1,1,0,0,,7
2020-02-24,18시,1,2,0,0,,11
2020-02-25,18시,0,2,0,0,,12
2020-02-26,18시,2,4,0,0,,18
2020-02-27,18시,0,4,0,0,,224
2020-02-28,18시,0,4,0,0,,204
2020-02-29,18시,0,4,0,0,,233
2020-03-01,18시,0,4,0,0,,304
2020-03-02,18시,0,4,0,0,,333
2020-03-03,18시,0,4,0,0,,323
2020-03-04,18시,0,4,0,0,,318
2020-03-05,18시,0,4,2,2,,320
2020-03-06,18시,0,4,0,2,,317
2020-03-07,18시,0,4,0,2,,304
2020-03-08,18시,0,4,0,2,,93
2020-03-09,18시,0,4,0,2,,89
2020-03-10,18시,1,5,0,2,,88
2020-03-11,18시,0,5,1,3,,67
2020-03-12,18시,0,5,0,3,,24
2020-03-13,18시,0,5,0,3,,26
2020-03-14,18시,0,5,0,3,,32
2020-03-15,18시,0,5,0,3,,27
2020-03-16,18시,0,5,0,3,,29
2020-03-17,18시,0,5,0,3,,30
2020-03-18,18시,0,5,0,3,,40
2020-03-19,18시,0,5,0,3,,41
2020-03-20,18시,0,5,0,3,,42
2020-03-21,18시,2,7,0,3,,42
2020-03-22,18시,0,7,0,3,,57
2020-03-23,18시,0,7,0,3,,55
2020-03-24,18시,0,7,0,3,,51
2020-03-25,18시,1,8,0,3,,51
2020-03-26,18시,0,8,0,3,,64
2020-03-27,18시,1,9,0,3,,91
2020-03-28,18시,0,9,0,3,,98
2020-03-29,18시,0,9,0,3,,155
2020-03-30,18시,0,9,0,3,,188
2020-03-31,18시,1,10,0,3,,221
2020-04-01,18시,0,10,0,3,,247
2020-04-02,18시,0,10,1,4,,267
2020-04-03,18시,0,10,0,4,,300
2020-04-04,18시,2,12,0,4,,316
2020-04-05,18시,0,12,0,4,,352
2020-04-06,18시,0,12,0,4,,428
2020-04-07,18시,1,13,0,4,,475
2020-04-08,18시,0,13,1,5,,481
2020-04-09,18시,0,13,0,5,,498
2020-04-10,18시,0,13,0,5,,532
2020-04-11,18시,0,13,0,5,,546
2020-04-12,18시,0,13,0,5,,550
2020-04-13,18시,0,13,0,5,,553
2020-04-14,18시,0,13,0,5,,563
2020-04-15,18시,0,13,0,5,,573
2020-04-16,18시,0,13,0,5,,559
2020-04-17,18시,0,13,1,6,,546
2020-04-18,18시,0,13,0,6,,522
2020-04-19,18시,0,13,0,6,,488
2020-04-20,18시,0,13,1,7,,438
2020-04-21,18시,0,13,0,7,,436
2020-04-22,18시,0,13,0,7,,414
2020-04-23,18시,0,13,0,7,,407
2020-04-24,18시,0,13,1,8,,397
2020-04-25,18시,0,13,0,8,,351
2020-04-26,18시,0,13,0,8,,316
2020-04-27,18시,0,13,0,8,,323
2020-04-28,18시,0,13,0,8,,314
2020-04-29,18시,0,13,0,8,,307
2020-04-30,18시,0,13,2,10,,285
2020-05-01,18시,0,13,0,10,,290
2020-05-02,18시,1,14,0,10,,298
2020-05-03,18시,0,14,0,10,,306
2020-05-04,18시,0,14,0,10,,306
2020-05-05,18시,0,14,0,10,,330
2020-05-06,18시,0,14,-1,9,,334
2020-05-07,18시,0,14,0,9,,318
2020-05-08,18시,1,15,0,9,,326
2020-05-09,18시,0,15,0,9,,330
2020-05-10,18시,0,15,0,9,,339
2020-05-11,18시,1,16,0,9,,379
2020-05-12,18시,0,16,0,9,,388
2020-05-13,18시,1,17,0,9,,392
2020-05-14,18시,2,19,0,9,,391
2020-05-15,18시,0,19,0,9,,396
2020-05-16,18시,0,19,0,9,,378
2020-05-17,18시,0,19,0,9,,364
2020-05-18,18시,0,19,0,9,,373
2020-05-19,18시,1,20,0,9,,352
2020-05-20,18시,0,20,2,11,,343
2020-05-21,18시,0,20,0,11,,337
2020-05-22,18시,0,20,0,11,,330
2020-05-23,18시,0,20,0,11,,304
2020-05-24,18시,2,22,1,12,,293
2020-05-25,18시,1,23,1,13,,296
2020-05-26,18시,0,23,0,13,,298
2020-05-27,18시,1,24,0,13,,304
2020-05-28,18시,0,24,0,13,,314
2020-05-29,18시,0,24,0,13,,355
2020-05-30,18시,0,24,1,14,,366
2020-05-31,18시,0,24,0,14,,378
2020-06-01,18시,1,25,0,14,,364
2020-06-02,18시,1,26,0,14,,373
2020-06-03,18시,0,26,0,14,,385
2020-06-04,18시,2,28,0,14,,386
2020-06-05,18시,2,30,0,14,,381
2020-06-06,18시,0,30,0,14,,378
2020-06-07,18시,1,31,1,15,,387
2020-06-08,18시,0,31,0,15,,394
2020-06-09,18시,0,31,0,15,,349
2020-06-10,18시,0,31,0,15,,341
2020-06-11,18시,1,32,0,15,,350
2020-06-12,18시,1,33,2,17,,340
2020-06-13,18시,0,33,0,17,,335
2020-06-14,18시,0,33,0,17,,341
2020-06-15,18시,0,33,2,19,,354
2020-06-16,18시,0,33,2,21,,354
2020-06-17,18시,0,33,1,22,,354
2020-06-18,18시,0,33,0,22,,508
2020-06-19,18시,0,33,0,22,,490
2020-06-20,18시,0,33,0,22,,464
2020-06-21,18시,0,33,0,22,,395
2020-06-22,18시,1,34,1,23,,384
2020-06-23,18시,1,35,0,23,,365
2020-06-24,18시,0,35,0,23,,365
2020-06-25,18시,0,35,5,28,,367
2020-06-26,18시,0,35,1,29,,282
2020-06-27,18시,0,35,1,30,,240
2020-06-28,18시,0,35,0,30,,259
2020-06-29,18시,0,35,0,30,,245
2020-06-30,18시,0,35,0,30,,230
2020-07-01,18시,2,37,0,30,,226
2020-07-02,18시,1,38,1,31,,230
2020-07-03,18시,0,38,0,31,,251
2020-07-04,18시,0,38,0,31,,263
2020-07-05,18시,0,38,0,31,,291
2020-07-06,18시,0,38,0,31,,299
2020-07-07,18시,0,38,0,31,,299
2020-07-08,18시,0,38,1,32,,301
2020-07-09,18시,1,39,1,33,,305
2020-07-10,18시,0,39,1,34,,296
2020-07-11,18시,2,41,0,34,,278
2020-07-12,18시,3,44,0,34,,284
2020-07-13,18시,0,44,0,34,,302
2020-07-14,18시,0,44,0,35,,297
2020-07-15,18시,2,46,0,35,,292
2020-07-16,18시,0,46,1,36,,286
2020-07-17,18시,0,46,0,36,,285
2020-07-18,18시,0,46,0,36,,258
2020-07-19,18시,0,46,0,36,,298
2020-07-20,18시,1,47,0,36,,303
2020-07-21,18시,0,47,0,36,,304
2020-07-22,18시,0,47,0,36,,298
2020-07-23,18시,0,47,0,38,,295
2020-07-24,18시,0,47,0,38,,291
2020-07-25,18시,0,47,0,38,,286
2020-07-26,18시,1,48,3,41,,272
2020-07-27,18시,0,48,0,41,,293
2020-07-28,18시,0,48,1,42,,288
2020-07-29,18시,0,48,0,42,,294
2020-07-30,18시,1,49,0,42,,278
2020-07-31,18시,0,49,0,42,,263
2020-08-01,18시,0,49,0,42,,248
2020-08-02,18시,0,49,0,42,,254
2020-08-03,18시,0,49,1,43,,262
2020-08-04,18시,0,49,3,46,,261
2020-08-05,18시,0,49,0,46,,262
2020-08-06,18시,0,49,0,46,,263
2020-08-07,18시,0,49,0,46,,261
2020-08-08,18시,0,49,0,46,,265
2020-08-09,18시,0,49,0,46,,260
2020-08-10,18시,0,49,0,46,,265
2020-08-11,18시,0,49,0,46,,268
2020-08-12,18시,0,49,0,46,,266
2020-08-13,18시,0,49,2,48,,267
2020-08-14,18시,5,54,0,48,,268
2020-08-15,18시,2,56,1,49,,264
2020-08-16,18시,5,61,0,49,,257
2020-08-17,18시,7,68,0,49,,304
2020-08-18,18시,8,76,0,49,,340
2020-08-19,18시,12,88,0,49,,390
2020-08-20,18시,14,102,0,49,,432
2020-08-21,18시,5,107,0,49,,452
2020-08-22,18시,3,110,0,49,,482
2020-08-23,18시,3,113,0,49,,529
2020-08-24,18시,12,125,1,50,,567
2020-08-25,18시,2,127,0,50,,643
2020-08-26,18시,2,129,0,50,,655
2020-08-27,18시,6,135,0,50,,661
2020-08-28,18시,3,138,0,50,,626
2020-08-29,18시,1,139,0,50,,671
2020-08-30,18시,1,140,3,53,,673
2020-08-31,18시,2,142,1,54,,677
2020-09-01,18시,5,147,0,54,,589
2020-09-02,18시,6,153,2,56,,555
2020-09-03,18시,4,157,1,57,,531
2020-09-04,18시,2,159,0,57,,489
2020-09-05,18시,6,165,0,57,,472
2020-09-06,18시,2,167,2,59,,424
2020-09-07,18시,1,168,0,59,,382
2020-09-08,18시,2,170,4,63,,405
2020-09-09,18시,3,173,2,65,,423
2020-09-10,18시,0,173,0,65,,453
2020-09-11,18시,1,174,4,69,,436
2020-09-12,18시,1,175,0,69,,428
2020-09-13,18시,1,176,0,69,,402
2020-09-14,18시,0,176,4,73,,381
2020-09-15,18시,1,177,0,73,,372
2020-09-16,18시,2,179,0,73,,347
2020-09-17,18시,0,179,0,73,,355
2020-09-18,18시,0,179,0,73,,283
2020-09-19,18시,0,179,0,73,,275
2020-09-20,18시,0,179,0,73,,251
2020-09-21,18시,0,179,50,123,,292
2020-09-22,18시,1,180,34,157,,234
2020-09-23,18시,0,180,4,161,,246
2020-09-24,18시,1,181,0,161,,240
2020-09-25,18시,1,181,2,163,,243
2020-09-26,18시,2,183,0,163,,250
2020-09-27,18시,1,184,3,166,,236
2020-09-28,18시,0,184,0,166,,264
2020-09-29,18시,0,184,1,167,,260
2020-09-30,18시,1,185,1,168,,236
2020-10-01,18시,0,185,0,168,,222
2020-10-02,18시,0,185,0,168,,230
2020-10-03,18시,0,185,0,168,,243
2020-10-04,18시,2,187,0,168,,236
2020-10-05,18시,0,187,0,168,,238
2020-10-06,18시,0,187,0,168,,237
2020-10-07,18시,1,188,0,168,,241
2020-10-08,18시,0,188,2,170,,250
2020-10-09,18시,0,188,2,172,,273
2020-10-10,18시,1,189,2,174,,226
2020-10-11,18시,2,191,1,175,,229
2020-10-12,18시,0,191,0,175,,225
2020-10-13,18시,0,191,0,175,,226
2020-10-14,18시,1,192,0,175,,261
2020-10-15,18시,1,193,1,176,,236
2020-10-16,18시,2,195,0,176,,278
2020-10-17,18시,1,196,0,176,,297
2020-10-18,18시,1,197,0,176,,271
2020-10-19,18시,0,197,4,180,,283
2020-10-20,18시,1,198,0,180,,290
2020-10-21,18시,0,198,3,183,,287
2020-10-22,18시,2,200,3,186,,237
2020-10-23,18시,0,200,2,188,,243
2020-10-24,18시,0,200,0,188,,243
2020-10-25,18시,0,200,0,188,,239
2020-10-26,18시,1,201,0,188,,265
2020-10-27,18시,0,201,0,188,,270
2020-10-28,18시,1,202,0,188,,271
2020-10-29,18시,1,203,0,188,,232
2020-10-30,18시,1,204,2,190,,239
2020-10-31,18시,0,204,0,190,,258
2020-11-01,18시,1,205,0,190,,269
2020-11-02,18시,0,205,1,191,,263
2020-11-03,18시,0,205,0,191,,275
2020-11-04,18시,2,207,2,193,,261
2020-11-05,18시,0,207,0,193,,285
2020-11-06,18시,0,207,0,193,,285
2020-11-07,18시,2,209,0,193,,272
2020-11-08,18시,2,211,0,193,,276
2020-11-09,18시,1,212,4,197,,299
2020-11-10,18시,1,213,1,198,,278
2020-11-11,18시,1,214,0,198,,202
2020-11-12,18시,2,216,4,202,,265
2020-11-13,18시,0,216,0,202,,268
2020-11-14,18시,2,218,0,202,,268
2020-11-15,18시,3,221,0,202,,257
2020-11-16,18시,0,221,0,202,,337
2020-11-17,18시,3,224,2,204,,424
2020-11-18,18시,3,227,0,204,,380
2020-11-19,18시,5,232,0,204,,396
2020-11-20,18시,5,237,0,204,,439
2020-11-21,18시,5,242,0,204,,457
2020-11-22,18시,2,244,2,206,,472
2020-11-23,18시,7,251,0,206,,508
2020-11-24,18시,4,255,1,207,,543
2020-11-25,18시,3,258,0,207,,558
2020-11-26,18시,4,262,1,208,,558
2020-11-27,18시,2,264,1,209,,544
2020-11-28,18시,6,270,1,210,,519
2020-11-29,18시,1,271,0,210,,519
2020-11-30,18시,3,274,6,216,,573
2020-12-01,18시,11,285,0,216,,578
2020-12-02,18시,10,295,0,216,,545
2020-12-03,18시,2,297,5,221,,564
2020-12-04,18시,2,299,0,221,,
2020-12-05,18시,15,314,4,225,,550
2020-12-06,18시,5,319,2,227,,565
2020-12-07,18시,12,331,1,228,,
2020-12-08,18시,14,345,6,234,,597
2020-12-09,18시,6,351,16,250,,587
2020-12-10,18시,20,371,0,250,,603
2020-12-11,18시,8,379,0,250,,
2020-12-12,18시,23,402,0,250,1,660
2020-12-13,18시,13,415,0,250,1,
2020-12-14,18시,15,430,6,256,1,
2020-12-15,18시,21,451,5,261,1,
2020-12-16,18시,15,466,0,261,1,
2020-12-17,18시,14,480,0,261,1,
2020-12-18,18시,10,490,0,261,1,
2020-12-19,18시,8,498,0,261,1,
2020-12-20,18시,5,503,0,261,1,
2020-12-21,18시,4,507,30,291,1,
2020-12-22,18시,7,514,0,291,1,
2020-12-23,18시,6,520,0,291,1,
2020-12-24,18시,10,530,0,291,1,
2020-12-25,18시,8,538,0,291,1,
2020-12-26,18시,5,543,0,291,1,
2020-12-27,18시,8,551,0,291,1,
2020-12-28,18시,10,561,0,291,1,
2020-12-29,18시,7,568,0,291,1,
2020-12-30,18시,7,575,0,291,2,
2020-12-31,18시,5,580,0,291,2,
2021- 03-,18시,9,1090,0,908,6,531
2021- 10-,18시,36,3968,0,3205,24,848
2021- 10-,18시,40,4008,0,3285,24,857
2021- 10-,18시,18,4220,0,3655,26,773
2021- 10-,18시,14,4239,0,3677,26,628
2021- 10-,18시,23,4262,0,3677,26,673
2021- 10-,18시,14,4418,0,3979,29,637
2021- 10-,18시,23,4441,0,3991,30,693
2021- 10-,18시,15,4456,0,4046,30,646
2021- 10-,18시,22,4478,0,4046,31,604
2021- 10-,18시,38,4516,0,4114,32,549
2021- 10-,18시,34,4550,0,4128,32,554
2021- 10-,18시,16,4582,0,4188,32,619
2021- 10-,18시,35,4061,0,3291,24,767
2021-07-01,18시,14,2293,0,2027,18,910
2021-08-02,18시,9,2946,0,2600,23,619
2021-09-02,18시,17,3504,0,2705,24,944
2021-09-02,18시,28,3532,0,2705,24,874
2021-01-01,18시,10,590,0,291,2,
2021-01-02,18시,11,601,0,291,2,
2021-01-03,18시,7,608,0,291,2,
2021-01-04,18시,10,618,0,291,2,
2021-01-05,18시,4,622,0,291,2,
2021-01-06,18시,7,629,0,291,2,
2021-01-07,18시,12,641,35,326,2,
2021-01-08,18시,5,646,0,326,2,
2021-01-09,18시,6,652,0,326,2,
2021-01-10,18시,7,659,0,326,2,
2021-01-11,18시,11,670,0,326,2,
2021-01-12,18시,5,675,0,326,2,
2021-01-13,18시,3,678,0,326,2,
2021-01-14,18시,9,687,0,326,2,
2021-01-15,18시,10,697,0,326,2,
2021-01-16,18시,0,697,0,326,2,
2021-01-17,18시,5,702,71,397,2,
2021-01-18,18시,3,705,14,411,3,
2021-01-19,18시,3,708,0,411,3,
2021-01-20,18시,4,712,0,411,3,
2021-01-21,18시,3,715,0,411,4,
2021-01-22,18시,8,723,0,411,4,
2021-01-23,18시,1,724,0,411,4,
2021-01-24,18시,6,730,0,411,4,
2021-01-25,18시,6,736,0,411,4,
2021-01-26,18시,2,738,114,525,4,
2021-01-27,10시,2,740,0,525,4,
2021-01-27,18시,2,742,1,526,4,
2021-01-28,10시,0,742,0,526,4,
2021-01-28,18시,2,744,0,526,4,385
2021-01-29,10시,0,744,0,526,4,
2021-01-29,18시,4,748,15,541,5,
2021-01-30,10시,3,751,0,541,5,385
2021-01-30,18시,7,758,0,541,5,382
2021-01-31,10시,0,758,0,541,5,382
2021-01-31,18시,2,760,0,541,5,402
2021-02 27,18시,7,917,0,765,6,421
2021-02-01,10시,4,764,0,541,5,402
2021-02-01,18시,2,766,0,541,5,441
2021-02-02,10시,8,774,0,541,5,441
2021-02-02,18시,1,775,0,541,5,480
2021-02-03,10시,5,780,0,541,5,480
2021-02-03,18시,2,782,0,541,5,505
2021-02-04,10시,1,783,0,541,5,505
2021-02-04,18시,1,783,0,541,5,563
2021-02-05,10시,3,786,67,608,5,563
2021-02-05,18시,0,786,70,687,5,568
2021-02-06,10시,1,787,0,687,5,568
2021-02-06,18시,4,791,0,678,5,564
2021-02-07,10시,2,793,0,678,5,564
2021-02-07,18시,0,793,0,678,5,584
2021-02-08,10시,0,793,0,678,5,584
2021-02-08,18시,1,794,0,678,5,677
2021-02-09,18시,3,804,0,678,5,694
2021-02-09,10시,7,801,0,678,5,677
2021-02-10,10시,0,804,0,678,5,694
2021-02-10,18시,13,817,0,678,5,670
2021-02-11,10시,0,817,0,678,5,670
2021-02-11,18시,10,827,2,680,5,645
2021-02-12,10시,10,837,0,680,5,645
2021-02-12,18시,4,841,0,680,5,597
2021-02-13,10시,0,841,0,680,5,597
2021-02-13,18시,1,842,0,680,5,571
2021-02-14,10시,0,842,0,680,5,571
2021-02-14,18시,13,855,0,680,5,503
2021-02-15,10시,0,855,0,680,5,503
2021-02-15,18시,4,859,0,680,5,536
2021-02-16,10시,0,859,0,680,5,536
2021-02-16,18시,9,868,0,680,5,495
2021-02-17,10시,0,868,0,680,5,495
2021-02-17,18시,8,876,42,722,6,485
2021-02-18,10시,0,876,0,722,6,485
2021-02-18,18시,4,880,0,722,6,500
2021-02-19,10시,0,880,0,722,6,500
2021-02-19,18시,6,886,0,722,6,504
2021-02-20,10시,0,886,0,722,6,504
2021-02-20,18시,1,887,0,722,6,493
2021-02-21,10시,0,887,0,722,6,493
2021-02-21,18시,4,891,0,722,6,497
2021-02-22,10시,0,891,0,722,6,497
2021-02-22,18시,6,897,0,722,6,503
2021-02-23,10시,0,897,0,722,6,503
2021-02-23,18시,2,899,43,765,6,486
2021-02-24,10시,0,899,0,765,6,486
2021-02-24,18시,4,903,0,765,6,470
2021-02-25,10시,0,903,0,765,6,470
2021-02-25,18시,4,907,0,765,6,450
2021-02-26,10시,0,907,0,765,6,450
2021-02-26,18시,3,910,0,765,6,434
2021-02-27,10시,0,910,0,765,6,434
2021-02-28,18시,3,920,0,765,6,394
2021-03-01,18시,11,931,0,765,6,401
2021-03-02,18시,7,938,68,833,6,380
2021-03-03,18시,9,947,0,833,6,364
2021-03-04,18시,9,956,0,833,6,373
2021-03-05,18시,4,960,0,833,6,363
2021-03-06,10시,0,960,0,833,6,363
2021-03-06,18시,4,964,0,833,6,388
2021-03-07,18시,16,980,0,833,6,387
2021-03-08,18시,10,990,0,833,6,491
2021-03-09,18시,5,995,0,833,6,567
2021-03-10,18시,7,1002,0,833,6,614
2021-03-11,18시,14,1016,0,833,6,633
2021-03-12,18시,7,1023,0,833,6,632
2021-03-13,18시,7,1030,0,833,6,622
2021-03-14,18시,5,1035,0,833,6,647
2021-03-15,18시,4,1039,0,833,6,659
2021-03-16,18시,8,1047,75,908,6,682
2021-03-17,18시,9,1056,0,908,6,599
2021-03-18,18시,13,1069,0,908,6,603
2021-03-19,18시,12,1081,0,906,6,510
2021-03-21,18시,6,1096,0,908,6,539
2021-03-22,18시,5,1101,0,908,6,586
2021-03-23,18시,13,1114,0,908,6,591
2021-03-24,18시,6,1120,71,979,9,568
2021-03-25,18시,10,1130,0,979,9,579
2021-03-26,18시,6,1136,0,979,9,559
2021-03-27,18시,13,1149,0,979,9,568
2021-03-28,18시,9,1158,0,979,9,571
2021-03-29,18시,6,1164,40,1019,10,586
2021-03-30,18시,4,1168,0,1019,10,550
2021-03-31,18시,8,1176,0,1019,10,534
2021-04-01,18시,4,1180,0,1019,10,533
2021-04-02,18시,3,1183,47,1066,10,575
2021-04-03,18시,8,1191,0,1066,10,585
2021-04-04,18시,1,1192,0,1066,10,600
2021-04-05,18시,5,1197,0,1066,10,593
2021-04-05,18시,5,1197,0,1066,10,593
2021-04-06,18시,10,1207,0,1066,10,577
2021-04-07,18시,11,1218,0,1066,10,585
2021-04-08,18시,3,1221,0,1066,10,582
2021-04-09,18시,11,1232,0,1066,10,582
2021-04-10,18시,4,1236,0,1066,10,548
2021-04-11,18시,5,1241,0,1066,10,558
2021-04-12,18시,8,1249,0,1122,13,588
2021-04-13,18시,12,1261,0,1122,13,586
2021-04-14,18시,8,1269,0,1122,13,617
2021-04-15,18시,7,1276,0,1153,13,628
2021-04-16,18시,17,1293,0,1153,13,637
2021-04-17,18시,12,1305,0,1153,13,615
2021-04-18,18시,3,1308,0,1153,13,621
2021-04-19,18시,2,1310,0,1153,13,613
2021-04-20,18시,9,1319,0,1153,13,632
2021-04-21,18시,9,1328,0,1153,13,645
2021-04-22,18시,10,1338,0,1153,13,639
2021-04-23,18시,19,1357,0,1153,13,653
2021-04-24,18시,9,1366,0,1153,13,673
2021-04-25,18시,4,1370,0,1153,13,656
2021-04-26,18시,8,1378,0,1153,13,628
2021-04-27,18시,17,1395,0,1153,13,614
2021-04-28,18시,9,1404,0,1153,13,606
2021-04-29,18시,11,1415,0,1153,13,606
2021-04-30,18시,8,1423,0,1153,13,603
2021-05-01,18시,11,1586,0,1367,13,675
2021-05-01,18시,12,1435,0,1153,13,610
2021-05-02,18시,4,1439,0,1153,13,618
2021-05-03,18시,10,1449,0,1153,13,655
2021-05-04,18시,14,1463,0,1153,13,626
2021-05-05,18시,6,1469,0,1153,13,594
2021-05-06,18시,4,1473,0,1153,13,606
2021-05-07,18시,7,1480,0,1153,13,594
2021-05-08,18시,8,1488,0,1153,13,576
2021-05-09,18시,5,1493,0,1153,13,574
2021-05-10,18시,11,1504,0,1153,13,608
2021-05-11,18시,8,1512,0,1367,13,621
2021-05-12,18시,12,1524,0,1367,13,646
2021-05-13,18시,15,1539,0,1367,13,631
2021-05-14,18시,9,1548,0,1367,13,602
2021-05-15,18시,12,1560,0,1367,13,587
2021-05-16,18시,15,1575,0,1367,13,596
2021-05-18,18시,9,1595,0,1367,13,717
2021-05-19,17시,16,1611,0,1367,13,706
2021-05-20,18시,6,1617,0,1367,13,714
2021-05-21,18시,12,1629,0,1367,13,724
2021-05-22,18시,18,1647,0,1367,13,714
2021-05-23,18시,17,1664,0,1367,13,716
2021-05-24,18시,11,1675,0,1367,13,757
2021-05-25,18시,12,1687,0,1485,14,838
2021-05-26,18시,18,1705,0,1485,14,912
2021-05-27,18시,10,1715,0,1485,14,928
2021-05-28,18시,7,1722,0,1485,14,907
2021-05-29,18시,5,1727,0,1485,14,867
2021-05-30,18시,8,1735,0,1485,14,871
2021-05-31,18시,2,1737,0,1485,14,904
2021-06-01,18시,15,1752,0,1485,14,864
2021-06-02,18시,18,1770,0,1485,14,864
2021-06-03,18시,19,1789,0,1619,14,799
2021-06-04,18시,16,1805,0,1619,14,819
2021-06-05,18시,10,1815,0,1619,14,861
2021-06-06,18시,11,1826,0,1619,14,882
2021-06-07,18시,8,1834,0,1619,14,946
2021-06-08,18시,6,1840,0,1619,14,953
2021-06-09,18시,7,1847,0,1619,14,945
2021-06-10,18시,9,1856,0,1619,14,910
2021-06-11,18시,6,1862,0,1619,14,840
2021-06-12,18시,6,1868,0,1619,15,805
2021-06-13,18시,6,1874,0,1619,15,797
2021-06-14,18시,8,1882,0,1619,15,734
2021-06-15,18시,11,1893,0,1619,15,636
2021-06-16,18시,4,1897,0,1619,15,649
2021-06-17,18시,6,1903,0,1619,15,622
2021-06-18,18시,7,1910,0,1756,16,627
2021-06-19,18시,1,1911,0,1756,16,629
2021-06-20,18시,5,1916,0,1756,16,619
2021-06-21,18시,2,1918,0,1756,16,675
2021-06-22,18시,12,1930,0,1756,16,649
2021-06-23,18시,14,1944,0,1756,16,668
2021-06-24,18시,13,1957,0,1756,16,662
2021-06-25,18시,14,1971,0,1756,16,669
2021-06-26,18시,7,1978,0,1756,16,643
2021-06-27,18시,6,1984,0,1756,16,651
2021-06-28,18시,7,1991,0,1836,16,686
2021-06-29,18시,18,2009,0,1836,16,725
2021-06-30,18시,11,2020,0,1836,16,790
2021-07-01,18시,14,2034,0,1836,16,751
2021-07-02,18시,7,2041,0,1860,16,761
2021-07-03,18시,10,2051,0,1860,16,803
2021-07-04,18시,4,2055,0,1860,16,814
2021-07-05,18시,3,2058,0,1917,16,810
2021-07-06,18시,21,2079,0,1917,16,865
2021-07-07,18시,25,2104,0,1917,16,876
2021-07-08,18시,32,2136,0,1917,16,914
2021-07-09,18시,16,2152,0,1917,16,926
2021-07-10,18시,16,2168,0,1917,16,897
2021-07-11,18시,15,2183,0,1917,16,904
2021-07-12,18시,6,2189,0,1917,16,979
2021-07-13,18시,16,2205,0,1917,16,1016
2021-07-14,18시,15,2220,0,1917,16,1033
2021-07-15,18시,9,2229,0,1917,16,1062
2021-07-16,18시,16,2245,0,1917,16,1022
2021-07-17,18시,14,2259,0,1917,16,976
2021-07-18,18시,20,2279,0,1917,16,919
2021-07-20,18시,16,2309,0,2027,18,881
2021-07-21,18시,23,2332,0,2027,18,846
2021-07-22,18시,27,2359,0,2027,18,797
2021-07-23,18시,13,2372,0,2027,18,769
2021-07-24,18시,27,2399,0,2027,18,744
2021-07-25,18시,18,2417,0,2027,18,718
2021-07-26,18시,18,2435,0,2146,19,710
2021-07-27,18시,32,2467,0,2146,19,677
2021-07-28,18시,18,2485,0,2146,19,702
2021-07-29,18시,25,2510,0,2146,19,726
2021-07-30,18시,20,2530,0,2146,19,716
2021-07-31,18시,22,2552,0,2146,19,648
2021-08-01,18시,5,2557,0,2146,19,629
2021-08-02,18시,14,2571,0,2146,19,631
2021-08-03,18시,28,2599,0,2171,21,663
2021-08-04,18시,11,2610,0,2171,21,641
2021-08-05,18시,15,2625,0,2171,21,700
2021-08-06,18시,20,2645,0,2171,21,690
2021-08-07,18시,15,2660,0,2171,21,680
2021-08-08,18시,14,2674,0,2171,21,643
2021-08-09,18시,8,2682,0,2171,21,622
2021-08-10,18시,23,2705,0,2171,21,646
2021-08-11,18시,12,2717,0,2171,21,677
2021-08-12,18시,16,2733,0,2321,21,663
2021-08-13,18시,18,2751,0,2321,21,637
2021-08-14,18시,7,2758,0,2321,21,597
2021-08-15,18시,9,2767,0,2321,21,597
2021-08-16,18시,10,2777,0,2321,21,562
2021-08-17,18시,16,2793,0,2394,22,585
2021-08-18,18시,20,2813,0,2394,22,611
2021-08-19,18시,28,2841,0,2445,22,594
2021-08-20,18시,16,2857,0,2445,22,593
2021-08-21,18시,14,2871,0,2445,22,582
2021-08-22,18시,6,2877,0,2535,23,557
2021-08-23,18시,17,2894,0,2535,23,567
2021-08-24,18시,23,2917,0,2535,23,597
2021-08-25,18시,20,2937,0,2600,23,590
2021-08-27,18시,11,2957,0,2548,24,645
2021-08-28,18시,8,2965,0,2548,24,604
2021-08-29,18시,12,2977,0,2548,24,567
2021-08-30,18시,7,2984,0,2548,24,571
2021-08-31,18시,33,3017,0,2548,24,575
2021-09-01,18시,18,3035,0,2548,24,566
2021-09-02,18시,22,3057,0,2548,24,555
2021-09-03,18시,31,3088,0,2548,24,526
2021-09-04,18시,26,3114,0,2548,24,559
2021-09-05,18시,17,3131,0,2548,24,551
2021-09-06,18시,17,3148,0,2548,24,618
2021-09-07,18시,21,3169,0,2548,24,656
2021-09-08,18시,17,3186,0,2548,24,749
2021-09-09,18시,46,3232,0,2705,24,807
2021-09-10,18시,23,3255,0,2705,24,816
2021-09-11,18시,31,3286,0,2705,24,824
2021-09-12,18시,23,3309,0,2705,24,796
2021-09-13,18시,19,3328,0,2705,24,796
2021-09-14,18시,23,3351,0,2705,24,790
2021-09-15,18시,23,3374,0,2705,24,855
2021-09-16,18시,24,3398,0,2705,24,910
2021-09-17,18시,37,3435,0,2705,24,1000
2021-09-18,18시,32,3467,0,2705,24,965
2021-09-19,18시,20,3487,0,2705,24,968
2021-09-22,18시,26,3558,0,2705,24,779
2021-09-23,18시,18,3576,0,2705,24,780
2021-09-24,18시,69,3645,0,2705,24,693
2021-09-25,18시,50,3695,0,2705,24,740
2021-09-26,18시,22,3717,0,2705,24,766
2021-09-27,18시,24,3741,0,2705,24,774
2021-09-28,18시,60,3801,0,3205,24,774
2021-09-29,18시,9,3810,0,3205,24,904
2021-09-30,10시,49,3859,0,3205,24,904
2021-09-30,18시,45,3904,0,3205,24,832
2021-10-01,10시,5,3909,0,3205,24,832
2021-10-01,18시,23,3932,0,3205,24,787
2021-10-04,18시,18,4026,0,3291,24,832
2021-10-06,18시,48,4109,0,3478,24,866
2021-10-07,18시,38,4147,0,3509,25,936
2021-10-08,18시,25,4172,0,3509,25,835
2021-10-09,18시,30,4202,0,3641,26,807
2021-10-13,18시,36,4298,0,3681,26,684
2021-10-14,18시,26,4324,0,3806,28,649
2021-10-15,18시,23,4347,0,3806,28,633
2021-10-16,18시,36,4383,0,3860,28,621
2021-10-17,18시,21,4404,0,3945,29,579
2021-10-24,18시,16,4566,0,4128,32,542
2021-10-26,18시,44,4626,0,4188,32,626
2021-10-27,18시,62,4688,0,4186,32,649
2021-10-28,18시,47,4735,0,4186,32,658
2021-10-29,18시,46,4781,0,4279,32,664
2021-10-30,18시,42,4823,0,4289,32,676
2021-10-31,18시,31,4854,0,4308,32,769
2021-11-01,18시,22,4876,0,4308,32,799
2021-11-02,18시,58,4934,0,4372,32,830
2021-11-03,18시,40,4974,0,4415,32,813
2021-11-04,18시,32,5006,0,4452,32,813
2021-11-05,18시,34,5040,0,4489,32,829
2021-11-06,18시,58,5098,0,4488,34,586
2021-11-07,18시,32,5130,0,4536,35,752
2021-11-08,18시,21,5151,0,4587,36,721
2021-11-09,18시,52,5203,0,4587,36,770
2021-11-10,18시,53,5256,0,4594,36,798
2021-11-11,18시,65,5321,0,4656,36,843
2021-11-12,18시,42,5363,0,4705,36,862
2021-11-13,18시,64,5427,0,4705,36,719
2021-11-14,18시,111,5538,0,4796,38,555
2021-11-15,18시,36,5574,0,4796,38,399
2021-11-16,18시,48,5622,0,4847,39,431
2021-11-17,18시,76,5698,0,4899,43,543
2021-11-18,18시,46,5744,0,4957,49,576
2021-11-19,18시,46,5790,0,5000,50,535
2021-11-20,18시,13,5803,0,5000,50,535
2021-11-21,18시,68,5871,0,5072,52,454
2021-11-22,18시,111,5982,0,5146,53,435
2021-11-23,18시,73,6055,0,5151,53,568
2021-11-24,18시,68,6123,0,5160,54,604
2021-11-25,18시,72,6195,0,5160,57,718
2021-11-26,18시,81,6276,0,5209,57,854
2021-11-26,18시,81,6276,0,5209,57,854
2021-11-27,18시,60,6336,0,5209,61,837
2021-11-28,18시,41,6377,0,5349,79,775
2021-11-29,18시,27,6404,0,5404,80,701
2021-11-30,18시,96,6500,0,5494,81,725
2021-12-01,18시,80,6580,0,5572,82,844
2021-12-02,18시,95,6675,0,5617,83,835
2021-12-03,18시,92,6767,0,5661,84,951
2021-12-04,18시,101,6868,0,5756,86,915
2021-12-05,18시,74,6942,0,5859,88,832
2021-12-06,18시,42,6984,0,5847,89,830
2021-12-07,18시,132,7116,0,5847,89,1093
2021-12-08,18시,117,7233,0,5899,89,1295
2021-12-09,18시,142,7375,0,6039,91,1358
2021-12-10,18시,132,7507,0,6105,91,1483
2021-12-11,18시,123,7630,0,6286,92,1432
2021-12-12,18시,92,7722,0,6408,93,1358
2021-12-14,18시,130,7905,0,6601,93,1174
2021-12-15,18시,143,8048,0,6487,94,1219
2021-12-16,18시,96,8144,0,6853,94,1248
2021-12-17,18시,93,8237,0,6853,94,1341
2021-12-18,18시,113,8350,0,6891,94,1439
2021-12-19,18시,85,8435,0,7033,94,1207
2021-12-20,18시,83,8518,0,7281,94,1125
2021-12-21,18시,123,8641,0,7413,94,1370
2021-12-22,18시,98,8739,0,7537,94,1494
2021-12-23,18시,86,8825,0,7629,94,1510
2021-12-24,18시,87,8912,0,7682,94,1755
2021-12-25,18시,68,8980,0,7682,94,1650
2021-12-25,18시,68,8980,0,7682,94,1650
2021-12-26,18시,59,9039,0,7955,94,1443
2021-12-27,18시,51,9090,0,8050,95,1322
2021-12-28,18시,85,9175,0,8050,95,1316
2021-12-29,18시,97,9272,0,8238,112,1543
2021-12-30,18시,91,9363,0,8324,112,1543
2021-12-31,18시,92,9455,0,8407,112,1391
2022-01-03,18시,47,9604,0,8711,115,936
2022-01-04,18시,59,9663,0,8797,116,1004
2022-01-05,18시,56,9719,0,8864,117,1015
2022-01-06,18시,43,9762,0,8923,117,1031
2022-01-07,18시,38,9800,0,8923,117,1012
2022-01-08,18시,41,9841,0,9059,117,1284
2022-01-09,18시,35,9876,0,9156,117,842
2022-01-10,18시,20,9896,0,9248,123,879
2022-01-11,18시,49,9945,0,9298,123,838
2022-01-12,18시,34,9979,0,9358,123,795
2022-01-13,18시,40,10019,0,9433,125,761
2022-01-14,18시,22,10041,0,9493,126,718
2022-01-15,18시,15,10056,0,9549,126,691
2022-01-16,18시,22,10078,0,9594,126,652
2022-01-17,18시,22,10100,0,9632,126,673
2022-01-18,18시,40,10140,0,9670,133,634
2022-01-19,18시,42,10182,0,9670,133,663
2022-01-20,18시,52,10234,0,9755,134,628
2022-01-21,18시,50,10284,0,9804,134,614
2022-01-22,18시,68,10352,0,9838,134,582
2022-01-23,18시,77,10429,0,9872,134,558
2022-01-24,18시,65,10494,0,9894,134,583
2022-01-25,18시,115,10609,0,9909,134,670
2022-01-26,18시,160,10769,0,9909,134,574
2022-01-27,18시,180,10949,0,9953,134,606
2022-01-28,18시,200,11149,0,9993,134,654
2022-01-29,18시,200,11349,0,10035,135,496
2022-01-30,18시,250,11599,0,10087,135,523
2022-01-31,18시,210,11809,0,10087,135,503
2022-02-01,18시,316,12125,0,10213,135,510
2022-02-02,18시,275,12400,0,10213,135,529
2022-02-03,18시,430,12830,0,10328,135,473
2022-02-04,18시,520,13350,0,10528,135,509
2022-02-05,18시,455,13805,0,10528,135,547
2022-02-06,18시,400,14205,0,10908,135,614
2022-02-07,18시,400,14605,0,11108,135,710
2022-02-08,18시,630,15235,0,11324,135,702
2022-02-09,18시,549,15784,0,11324,135,580
2022-02-10,18시,594,16378,0,12345,135,201
2022-02-11,18시,671,17049,0,12865,135,199
2022-02-12,18시,667,17716,0,13310,136,207
2022-02-13,18시,499,18215,0,14885,136,201
2022-02-14,18시,589,18804,0,15489,136,214
2022-02-15,18시,1176,19980,0,15489,136,214
2022-02-17,18시,1070,22129,0,17154,138,198
2022-02-18,18시,1053,23182,0,17821,138,206
2022-02-19,18시,1190,24372,0,18324,138,190
2022-02-20,18시,843,25215,0,18913,138,164
2022-02-21,18시,1083,26298,0,20089,139,200
2022-02-22,18시,1640,27938,0,21168,140,167
2022-02-22,18시,1640,27938,0,21168,140,167
2022-02-23,18시,1667,29605,0,22238,142,
2022-02-24,18시,1781,31386,0,23308,142,
2022-02-25,18시,1695,33081,0,24151,143,
2022-02-26,18시,1534,34615,0,25341,143,
2022-02-27,18시,1355,35970,0,25341,144,
2022-02-28,18시,1217,37187,0,26981,144,0
2022-03-01,18시,2633,39820,0,28621,145,0
2022-03-02,18시,1971,41791,0,32097,145,0
2022-03-03,18시,2639,44430,0,32069,145,
2022-03-04,18시,2633,47063,0,33603,145,
2022-03-05,18시,2101,49164,0,33603,145,
2022-03-06,18시,1885,51049,0,35137,146,
2022-03-07,18시,2113,53162,0,37770,147,
2022-03-08,18시,3456,56618,0,39741,147,
2022-03-09,18시,3128,59746,0,40409,148,
2022-03-10,18시,2678,62424,0,43042,149,
2022-03-11,18시,3661,66085,0,44143,149,
2022-03-12,18시,3287,69372,0,46028,151,
2022-03-13,18시,1911,71283,0,48141,151,
2022-03-14,18시,3722,75005,0,51597,157,
2022-03-15,18시,4913,79918,0,54725,157,
2022-03-16,18시,4689,84607,0,58386,157,
2022-03-17,18시,3740,88347,0,62673,157,
2022-03-17,18시,3740,88347,0,62673,157,
2022-03-18,18시,5410,93757,0,64960,158,
2022-03-19,18시,3378,97135,0,70593,158,
2022-03-20,18시,2747,99882,0,74315,159,
2022-03-21,18시,2415,102297,0,79228,159,0
2022-03-22,18시,4787,107084,0,83917,159,
2022-03-23,18시,4577,111661,0,87657,159,
2022-03-24,18시,2872,114533,0,93067,162,
2022-03-25,18시,3406,117939,0,96807,199,
2022-03-26,18시,4814,122753,0,100185,200,
2022-03-27,18시,2280,125033,0,102600,200,
2022-03-28,18시,3379,128412,0,107387,200,
2022-03-29,18시,3326,131738,0,111964,210,
2022-03-30,18시,4111,135849,0,114836,216,
2022-03-31,18시,2633,138482,0,117251,216,
2022-04-01,18시,2429,140911,0,122038,222,
2022-04-02,18시,1898,142809,0,124318,222,
2022-04-03,18시,832,143641,0,127697,223,
2022-04-04,18시,2902,146543,0,131023,226,
2022-04-05,18시,2320,148863,0,135134,230,
2022-04-06,18시,1780,150643,0,137767,230,
2022-04-07,18시,1606,152249,0,140196,231,
2022-04-08,18시,1528,153777,0,142094,234,
2022-04-09,18시,1127,154904,0,154904,235,
2022-04-10,18시,744,155648,0,145828,235,
2022-04-11,18시,2079,157727,0,148730,235,
2022-04-12,18시,1406,159133,0,150510,239,
2022-04-13,18시,1247,160380,0,152038,239,
2022-04-14,18시,1026,161406,0,153566,241,
2022-04-15,18시,923,162329,0,155094,242,
2022-04-16,18시,715,163044,0,155838,243,
2022-04-17,18시,352,163396,0,157917,251,
2022-04-18,18시,1183,164579,0,159323,252,
2022-04-19,18시,826,165405,0,160570,252,
2022-04-20,18시,706,166111,0,161033,252,
2022-04-21,18시,654,166765,0,162208,252,
2022-04-22,18시,457,167222,0,162923,256,
2022-04-23,18시,459,167681,0,163275,257,
2022-04-24,18시,261,167942,0,164458,257,
2022-04-25,18시,800,168742,0,165284,260,
2022-04-26,18시,651,169393,0,165990,262,
2022-04-27,18시,498,169891,0,166644,263,
2022-04-28,18시,402,170293,0,167101,264,
2022-04-29,18시,316,170609,0,167560,264,
2022-04-30,18시,229,170838,0,167821,264,
2022-05-01,18시,128,170966,0,168621,264,
2022-05-02,18시,384,171350,0,169272,264,
2022-05-03,18시,288,171638,0,169770,265,
2022-05-04,18시,269,171907,0,170102,266,
2022-05-05,18시,140,172047,0,170348,266,
2022-05-06,18시,318,172365,0,170577,267,
2022-05-07,18시,279,172644,0,170705,267,
2022-05-08,18시,150,172794,0,171089,267,
2022-05-09,18시,428,"173,222",0,"171,377",267,
2022-05-10,18시,227,173449,0,171646,268,
2022-05-11,18시,275,173724,0,171786,270,
2022-05-12,18시,237,173961,0,172104,271,
2022-05-13,18시,177,174138,0,172383,271,
2022-05-14,18시,180,174318,0,172533,271,
2022-05-15,18시,61,174379,0,172961,271,
2022-05-16,18시,300,174677,0,173154,269,0
2022-05-17,18시,210,174887,0,173429,237,0
2022-05-18,18시,215,175102,0,173666,239,
2022-05-19,18시,202,175304,0,173841,239,
2022-05-20,18시,146,175450,0,174021,239,
2022-05-21,18시,154,175604,0,174084,239,
2022-05-22,18시,64,175668,0,174384,239,
2022-05-23,18시,216,175884,0,174594,239,0
2022-05-24,18시,137,176021,0,174809,240,
2022-05-25,18시,133,176154,0,175011,240,
2022-05-26,18시,86,176240,0,175157,240,
2022-05-27,18시,75,176315,0,175311,240,
2022-05-28,18시,70,176385,0,175375,240,
2022-05-29,18시,58,176443,0,175591,240,
2022-05-30,18시,136,176579,0,175728,240,
2022-05-31,18시,112,176691,0,175861,240,
2022-06-01,18시,76,176767,0,175947,240,
2022-06-02,18시,98,176865,0,176022,240,0
2022-06-03,18시,90,176957,0,176080,241,0
2022-06-04,18시,61,177018,0,176138,241,
2022-06-05,18시,46,177064,0,176274,242,
2022-06-06,18시,40,177104,0,176386,242,
2022-06-07,18시,117,177220,0,176462,241,
2022-06-09,18시,,177355,0,176650,241,
2022-06-10,18시,70,177425,0,176711,241,
2022-06-11,18시,50,177475,0,176757,241,477
2022-06-12,18시,36,177511,0,176797,241,
2022-06-13,18시,88,177599,0,176914,241,0
2022-06-14,18시,68,177687,0,176992,241,
2022-06-15,18시,68,177755,0,177049,241,
2022-06-16,18시,50,177785,0,177119,241,
2022-06-17,18시,54,177839,0,177169,241,
2022-06-18,18시,42,177881,0,177205,241,
2022-06-19,18시,26,177907,0,177293,241,
2022-06-20,18시,84,177991,0,177361,241,
2022-06-21,18시,63,178054,0,177429,241,
2022-06-22,18시,54,178108,0,177479,241,
2022-06-23,18시,68,178176,0,177533,241,
2022-06-24,18시,67,178243,0,177575,241,
2022-06-25,18시,55,178298,0,177601,241,
2022-06-26,18시,31,178329,0,177685,241,
2022-06-27,18시,122,178451,0,177748,241,
2022-06-27,18시,122,178451,0,177748,241,
2022-06-28,18시,89,178540,0,177802,241,
2022-06-29,18시,108,178648,0,177977,241,
2022-06-30,18시,100,178748,0,178016,241,
2022-07-01,18시,107,178855,0,178087,241,
2022-07-02,18시,82,178937,0,178163,241,
2022-07-03,18시,60,178997,0,178273,241,
2022-07-04,18시,211,179208,0,178412,242,
2022-07-05,18시,189,179397,0,178472,242,
2022-07-06,18시,160,179557,0,178608,242,
2022-07-07,18시,166,179723,0,178683,242,
2022-07-08,18시,177,179900,0,178788,243,
2022-07-09,18시,204,180104,0,178809,243,
2022-07-10,18시,115,180219,0,179041,243,
2022-07-11,18시,414,180633,0,179353,243,
2022-07-12,18시,432,181065,0,179526,241,
2022-07-13,18시,370,181435,0,179667,241,
2022-07-14,18시,402,181837,0,180068,241,
2022-07-15,18시,518,182355,0,180023,241,
2022-07-16,18시,421,182776,0,180234,241,
2022-07-17,18시,224,183000,0,180658,242,
2022-07-18,18시,870,183870,0,181543,242,
2022-07-19,18시,757,184627,0,181618,242,
2022-07-20,18시,805,185432,0,182059,,
2022-07-21,18시,668,186100,0,182481,242,
2022-07-22,18시,672,186772,0,182995,242,
2022-07-23,18시,684,187456,0,183143,242,0
2022-07-24,18시,337,187793,0,184119,242,0
2022-07-26,18시,1130,188923,0,185077,243,0
2022-07-26,18시,1022,189945,0,185788,243,
2022-07-27,18시,836,190781,0,186385,243,
2022-07-28,18시,837,191618,0,187064,243,
2022-07-29,18시,848,192466,0,187773,243,
2022-07-30,18시,731,193197,0,187987,243,
2022-07-31,18시,352,193549,0,189284,243,
2022-08-01,18시,1225,194774,0,190470,244,
2022-08-02,18시,1088,195862,0,191136,244,
2022-08-03,18시,1040,196902,0,191866,244,
2022-08-04,18시,1185,198087,0,192888,244,
2022-08-05,18시,945,199032,0,193502,244,
2022-08-06,18시,923,199955,0,193917,244,
2022-08-07,18시,505,200460,0,195156,244,
2022-08-08,18시,1540,202000,0,196564,244,
2022-08-09,18시,1269,203269,0,197556,245,
2022-08-10,18시,1046,204315,0,198594,246,
2022-08-11,18시,1038,205353,0,199406,247,
2022-08-12,18시,1116,206469,0,200356,247,
2022-08-13,18시,912,207381,0,200869,247,
2022-08-14,18시,538,207919,0,202253,247,
2022-08-15,18시,746,208665,0,203534,247,
2022-08-16,18시,1636,210301,0,204894,248,
2022-08-17,18시,1389,211690,0,205926,248,
2022-08-18,18시,964,212654,0,206870,248,
2022-08-19,18시,935,213589,0,207810,248,
2022-08-20,18시,738,214327,0,208289,248,
2022-08-21,18시,381,214708,0,208975,248,
2022-08-22,18시,1180,215888,0,210981,250,
2022-08-23,18시,975,216863,0,212088,251,
2022-08-24,18시,857,217720,0,213018,252,
2022-08-25,18시,741,218461,0,213850,252,
2022-08-26,18시,733,219194,0,214542,252,
2022-08-27,18시,623,219786,0,214923,252,
2022-08-28,18시,355,220141,0,216050,252,
2022-08-29,18시,976,221117,0,217221,253,
2022-08-30,18시,816,221933,0,217932,254,
2022-08-31,18시,684,222617,0,218655,254,
2022-09-01,18시,667,223284,0,219333,254,
2022-09-02,18시,660,223944,0,219857,254,
2022-09-03,18시,595,224539,0,220395,254,
2022-09-04,18시,261,224800,0,221221,254,
2022-09-05,18시,906,225706,0,222116,255,
2022-09-06,18시,657,226363,0,222753,256,
2022-09-07,18시,580,226943,0,223364,256,
2022-09-08,18시,551,227494,0,224048,256,
2022-09-09,18시,323,227817,0,224457,258,
2022-09-10,18시,258,228075,0,224761,258,
2022-09-11,18시,302,228377,0,225680,258,
2022-09-12,18시,566,228943,0,226413,258,
2022-09-13,18시,923,229866,0,226740,258,
2022-09-14,18시,541,230407,0,227561,258,
2022-09-15,18시,459,230866,0,227878,258,
2022-09-16,18시,350,231216,0,228140,258,
2022-09-17,18시,312,231528,0,228556,260,
2022-09-18,18시,201,231729,0,228952,260,
2022-09-19,18시,484,232213,0,229956,261,
2022-09-20,18시,379,232592,0,230363,261,
2022-09-21,18시,288,232880,0,230781,261,
2022-09-22,18시,289,233169,0,231122,261,
2022-09-23,18시,289,233458,0,231434,262,
2022-09-24,18시,,233699,0,231657,262,
2022-09-25,18시,133,233832,0,232123,262,0
2022-09-26,18시,371,234203,0,232488,263,
2022-09-27,18시,364,234567,0,232806,263,
2022-09-28,18시,300,234867,0,233039,263,
2022-09-29,18시,291,235158,0,233332,264,
2022-09-30,18시,303,235461,0,233576,264,
2022-10-01,18시,255,235716,0,233721,264,
2022-10-02,18시,116,235832,0,234068,264,
2022-10-03,18시,184,236016,0,234423,264,
2022-10-04,18시,465,236481,0,234787,264,
2022-10-05,18시,274,236755,0,235036,265,
2022-10-06,18시,239,236994,0,235274,265,
2022-10-07,18시,200,237194,0,235566,265,
2022-10-08,18시,143,237337,0,235682,265,
2022-10-09,18시,90,237427,0,235869,265,
2022-10-10,18시,158,237585,0,236348,265,
2022-10-11,18시,382,237967,0,236653,265,
2022-10-12,18시,287,238254,0,236855,265,
2022-10-13,18시,237,238491,0,237036,265,
2022-10-14,18시,230,238721,0,237202,266,
2022-10-15,18시,195,238916,0,237260,266,
2022-10-16,18시,121,239037,0,237432,266,
2022-10-17,18시,377,239414,0,237746,266,
2022-10-18,18시,268,239682,0,238118,266,
2022-10-19,18시,233,239915,0,238350,266,
2022-10-20,18시,220,240135,0,238574,266,
2022-10-21,18시,266,240401,0,238762,266,
2022-10-22,18시,223,240624,0,238855,267,
2022-10-23,18시,135,240759,0,239282,267,
2022-10-24,18시,471,241230,0,239606,266,
2022-10-25,18시,364,241594,0,239814,266,
2022-10-26,18시,320,241914,0,240047,266,
2022-10-27,18시,351,242265,0,240300,266,
2022-10-28,18시,336,242601,0,240528,266,
2022-10-29,18시,294,242895,0,240629,266,
2022-10-30,18시,152,243047,0,241100,266,
2022-10-31,18시,639,243686,0,241478,266,
2022-11-01,18시,496,244182,0,241969,266,
2022-11-02,18시,418,244600,0,242234,266,
2022-11-03,18시,427,245027,0,242552,267,
2022-11-04,18시,380,245407,0,242834,267,
2022-11-05,18시,334,245741,0,243178,267,
2022-11-06,18시,163,245904,0,243706,267,
2022-11-07,18시,696,246600,0,244240,268,
2022-11-09,18시,569,247705,0,245065,268,
2022-11-09,18시,569,247705,0,245065,268,
2022-11-10,18시,487,248192,0,245376,270,
2022-11-11,18tl,488,248680,0,245170,270,
2022-11-12,18시,469,249149,0,245368,270,
2022-11-13,18시,202,249351,0,246513,270,
2022-11-14,18시,807,250158,0,247154,270,
2022-11-15,18시,613,250771,0,247670,270,
2022-11-16,18시,552,251323,0,2876,270,
2022-11-17,18시,528,251851,0,248685,271,
2022-11-18,18시,543,252394,0,249103,271,
2022-11-19,18시,461,252855,0,249433,271,
2022-11-20,18시,209,253064,0,250120,271,
2022-11-21,18시,827,253891,0,250853,272,
2022-11-22,18시,636,254527,0,251319,272,
2022-11-23,18시,612,255139,0,251878,272,
2022-11-24,18시,574,255713,0,252394,272,
2022-11-25,18시,531,256244,0,252816,273,
2022-11-26,18시,461,256705,0,252999,274,
2022-11-27,18시,249,256954,0,254509,274,
2022-11-28,18시,806,257760,0,254647,276,
2022-11-29,18시,633,258393,0,255163,276,
2022-11-30,18시,571,258964,0,255657,276,
2022-12-01,18시,500,259464,0,256193,276,
2022-12-02,18시,471,259935,0,256661,277,
2022-12-03,18시,419,260354,0,256945,277,
2022-12-04,18시,225,260579,0,257456,277,
2022-12-05,18시,813,261392,0,258430,277,
2022-12-05,18시,813,261392,0,258430,277,
2022-12-05,18시,813,261392,0,258430,277,
2022-12-05,18시,813,261392,0,258430,277,
2022-12-06,18시,670,262062,0,258924,278,
2022-12-07,18시,587,262649,0,259384,279,
2022-12-08,18시,622,263271,0,259384,279,
2022-12-09,18시,567,263838,0,260313,279,
2022-12-09,18시,567,263838,0,260313,279,
2022-12-10,18시,405,264243,0,260507,279,
2022-12-11,18시,261,264504,0,261345,279,
2022-12-12,18시,900,265404,0,262134,280,
2022-12-13,18시,714,266118,0,262709,281,
2022-12-14,18시,637,266755,0,263261,282,
2022-12-15,18시,631,267386,0,263873,283,
2022-12-16,18시,617,268003,0,264199,283,
2022-12-17,18시,492,268495,0,264540,283,
2022-12-18,18시,224,268719,0,265363,283,
2022-12-19,18시,933,269652,0,266293,283,
2022-12-20,18시,773,270425,0,266830,286,
2022-12-21,18시,672,271097,0,267385,287,
2022-12-22,18시,590,271687,0,268013,287,
2022-12-23,18시,623,272310,0,268523,287,
2022-12-24,18시,460,272770,0,268831,287,
2022-12-25,18시,203,272973,0,269607,287,
2022-12-26,18시,968,273941,0,270550,288,
2022-12-27,18시,755,274696,0,271114,288,
2022-12-28,18시,649,275345,0,271726,288,
2022-12-28,18시,649,275345,0,271726,288,
2022-12-28,18시,649,275345,0,271726,288,
2022-12-29,18시,576,275921,0,272292,288,
2022-12-30,18시,511,273432,0,272746,288,
2022-12-31,18시,507,276939,0,272991,288,
2023-01-01,18시,185,277124,0,273945,289,
2023-01-02,18시,773,277897,0,274830,289,
2023-01-03,18시,631,278528,0,275364,290,
2023-01-04,18시,577,279105,0,275928,293,
2023-01-05,18시,448,279553,0,276408,293,
2023-01-06,18시,459,280012,0,276867,293,
2023-01-07,18시,356,280368,0,277049,293,
2023-01-08,18시,156,280524,0,277853,293,
2023-01-09,18시,620,281144,0,278622,293,
2023-01-10,18시,437,281581,0,279045,293,
2023-01-11,18시,386,281967,0,279489,293,
2023-01-12,18시,341,282308,0,279908,293,
2023-01-13,18시,292,282600,0,280213,294,
2023-01-14,18시,239,282839,0,280351,294,
2023-01-15,18시,97,282936,0,280992,294,
2023-01-16,18시,423,283359,0,281483,294,
2023-01-17,18시,299,283658,0,281801,294,
2023-01-18,18시,310,283968,0,282170,294,
2023-01-19,18시,229,284197,0,282427,294,
2023-01-20,18시,235,284432,0,282686,294,
2023-01-21,18시,106,284538,0,282726,294,
2023-01-22,18시,99,284637,0,283189,294,
2023-01-23,18시,127,284764,0,283469,294,
2023-01-24,18시,172,284936,0,283755,294,
2023-01-25,18시,346,285282,0,284077,294,
2023-01-26,18시,211,285493,0,284221,294,
2023-01-27,18시,220,285713,0,284344,294,
2023-01-28,18시,131,285844,0,284411,294,
2023-01-29,18시,57,285901,0,284542,294,
2023-01-30,18시,185,286086,0,284735,294,
2023-01-31,18시,145,286231,0,285099,294,
2023-02-01,18시,148,286379,0,285296,294,
2023-02-02,18시,113,286492,0,285487,295,
2023-02-03,18시,79,286571,0,285598,295,
2023-02-04,18시,95,286666,0,285662,295,
2023-02-05,18시,39,286705,0,285851,295,
2023-02-06,18시,159,286864,0,286020,295,
2023-02-07,18시,119,286983,0,286141,295,
2023-02-08,18시,110,287093,0,286224,296,
2023-02-09,18시,107,287200,0,286330,297,
2023-02-10,18시,115,287315,0,286421,297,
2023-02-11,18시,105,287420,0,286454,296,
2023-02-12,18시,44,287464,0,286617,296,
2023-02-13,18시,188,287652,0,286780,296,
2023-02-14,18시,136,287788,0,286856,297,
2023-02-15,18시,128,287916,0,28986,298,
2023-02-16,18시,105,288021,0,287077,298,
2023-02-17,18시,84,288105,0,287165,298,
2023-02-18,18시,96,288201,0,287209,298,
2023-02-19,18시,33,288234,0,287405,298,
2023-02-20,18시,162,288396,0,287560,298,
2023-02-21,18시,130,288526,0,287678,298,
2023-02-22,18시,109,288635,0,287776,298,
2023-02-23,18시,102,288737,0,287871,298,
2023-02-24,18시,81,288818,0,287956,298,
2023-02-25,18시,87,288905,0,287973,298,
2023-02-26,18시,37,288942,0,288147,298,
2023-02-27,18시,141,289083,0,288301,298,
2023-02-28,18시,95,289178,0,288379,298,
2023-03-01,18시,72,289250,0,288464,298,
2023-03-02,18시,127,289377,0,275729,298,
2023-03-05,18시,38,289586,0,288816,298,
2023-03-06,18시,163,289749,0,288972,298,
2023-03-07,18시,123,289872,0,288993,298,
2023-03-08,18시,110,289982,0,289141,298,
2023-03-09,18시,118,290100,0,289234,299,
2023-03-12,18시,28,290331,0,289489,299,
2023-03-13,18시,140,290471,0,289632,299,
2023-03-14,18시,100,290571,0,289737,299,
2023-03-15,18시,95,290666,0,289854,299,
2023-03-16,18시,105,290771,0,277110,299,
2023-03-19,18시,35,290964,0,290199,299,
2023-03-20,18시,181,291145,0,290357,299,
2023-03-21,18시,133,291278,0,290422,299,
2023-03-22,18시,126,291404,0,290517,299,
2023-03-23,18시,96,291500,0,290598,299,
2023-03-26,18시,40,291771,0,290671,299,
2023-03-27,18시,177,291948,0,291064,300,
2023-03-28,18시,140,292088,0,291162,300,
2023-03-29,18시,120,292208,0,291254,300,
2023-03-30,18시,109,292317,0,291373,300,
2023-04-02,18시,28,292556,0,278852,300,
2023-04-03,18시,177,292733,0,291873,300,
2023-04-04,18,143,292876,0,291983,300,
2023-04-05,18시,127,293003,0,292068,300,
2023-04-06,18시,108,293111,0,292188,300,
2023-04-09,18시,42,293350,0,292517,300,
2023-04-10,18시,149,293499,0,292644,302,
2023-04-11,18시,124,293623,0,292751,302,
2023-04-12,18시,131,293754,0,292751,302,
2023-04-13,18시,144,293898,0,292979,302,
2023-04-13,10시,131,293754,0,292751,305,
2023-04-16,18시,34,294171,0,293241,302,
2023-04-17,18시,212,294383,0,293402,303,
2023-04-18,18시,176,294559,0,293540,303,
2023-04-19,18시,160,294719,0,293540,303,
2023-04-20,18시,183,294902,0,280901,304,
2023-04-23,18시,57,295254,0,294154,304,
2023-04-24,18시,217,295471,0,281440,304,
2023-04-25,18시,193,295664,0,294526,304,
2023-04-26,18시,174,295838,0,294604,304,
2023-04-30,18시,65,296421,0,295252,304,
2023-05-01,18시,190,296611,0,295477,304,
2023-05-02,18시,246,296857,0,282770,304,
2023-05-03,18시,234,297091,0,295823,304,
2023-05-07,18시,66,297607,0,296362,304,
2023-05-08,18시,280,297887,0,296712,304,
2023-05-09,18시,205,298092,0,29685,304,
2023-05-10,18시,185,298277,0,296885,304,
2023-05-11,18시,179,298456,0,297133,304,
2023-05-14,18시,68,298847,0,297617,304,
2023-05-15,18시,330,299177,0,297912,304,
2023-05-16,18시,233,299410,0,298052,304,
2023-05-17,18시,220,299630,0,298256,304,
2023-05-18,18시,202,299832,0,298422,304,
2023-05-21,18시,48,300225,0,298896,304,
2023-05-22,18시,251,300476,0,299214,304,
2023-05-23,18시,208,300684,0,299445,304,
2023-05-24,18시,178,300862,0,299608,304,
2023-05-25,18시,196,301058,0,299795,304,
2023-05-29,18시,179,301580,0,300473,304,
2023-05-30,18시,280,301860,0,300707,305,
2023-05-31,18시,196,302056,0,300857,305,
2023-06-01,18시,180,302236,0,301819,305,
2023-06-04,18시,75,302649,0,302297,305,
2023-06-06,18시,51,302931,0,302579,305,
2023-06-07,18시,220,303151,0,302715,305,
2023-06-08,18시,187,303338,0,302927,305,
2023-06-11,18시,41,303664,0,303319,305,
2023-06-12,18시,258,303922,0,303463,305,
2023-06-13,18시,211,304133,0,303717,305,0
2023-06-14,18시,169,304302,0,303893,305,0
2023-06-15,18시,135,304437,0,304056,305,0
2023-06-18,18시,54,304766,0,304423,305,
2023-06-19,18시,240,305006,0,304552,305,
2023-06-21,18시,139,305298,0,304903,305,
2023-06-22,18시,134,305432,0,305051,305,
2023-06-25,18시,50,305746,0,305404,305,
2023-06-26,18시,242,305988,0,305404,305,
2023-06-27,18시,165,306153,0,305761,305,
2023-06-28,18시,185,306338,0,305935,305,
2023-06-29,18시,183,306521,0,306118,305,
2023-07-02,18시,67,306872,0,306531,305,
2023-07-03,18시,267,307139,0,306531,305,
2023-07-04,18,227,307366,0,306531,305,
2023-07-05,18,225,307591,0,306531,305,
2023-07-06,18시,244,307591,0,306531,305,
2023-07-09,18,92,308348,0,306531,305,
2023-07-10,18시,333,308681,0,308043,305,
2023-07-11,18시,211,308892,0,308043,305,
2023-07-12,18시,223,309115,0,308043,305,
2023-07-13,18시,262,309377,0,308043,305,
2023-07-16,18시,122,309923,0,308043,305,
2023-07-17,18시,452,310375,0,,305,
2023-07-18,18시,357,310732,0,,305,
2023-07-19,18시,330,311062,0,,305,
2023-07-20,18시,375,"311,437",0,,305,
2023-07-23,18시,137,312294,0,,305,
2023-07-24,18시,601,312895,0,,305,
2023-07-25,18시,477,313372,0,,305,
2023-07-26,18시,423,313795,0,,305,
2023-07-28,18시,449,314244,0,,305,
2023-07-30,18시,120,315169,0,,305,
2023-07-31,18시,657,315826,0,,305,
2023-08-01,18시,481,316307,0,,305,
2023-08-02,18시,457,316764,0,,305,
2023-08-03,18시,505,"317,269",0,,305,
2023-08-06,18시,127,318245,0,,305,
2023-08-07,18시,631,318876,0,,305,
2023-08-08,18시,544,"319,420",0,,306,
2023-08-09,18시,438,319858,0,,306,
2023-08-10,18시,398,320256,0,,306,
2023-08-13,18시,134,321115,0,,306,
2023-08-16,18시,211,321838,0,,306,
2023-08-16,18시,565,322403,0,,306,
2023-08-17,18시,474,322877,0,,306,
2023-08-21,18시,107,323749,0,,306,
2023-08-22,18시,420,324709,0,,306,
2023-08-23,18시,406,325115,0,,306,
2023-08-27,18시,126,326264,0,,306,
